name,age,street,city,state,zip,lng,lat
Christine Dalton,78,2859 Ramirez Fork,Smithshire,Wyoming,44860,86.384336,-80.1778635
Mr. William Jones,42,4962 Tasha Plains,West Maryport,North Dakota,01206,-176.365660,-48.0584365
Monica Rice,20,029 Vaughn Drive Suite 312,Millston,Alabama,73948,-23.700881,45.2259335
Alex Reilly,38,31937 Moore Inlet Apt. 333,Davidtown,Hawaii,12319,90.781174,18.1461945
Lisa Reyes,31,477 Christopher Manors,North Samanthastad,New York,75162,130.038669,62.3098425
Laura Harrell,28,9573 Martinez Parkway Apt. 892,Paulton,Illinois,74708,-53.888666,-51.451929
Tyrone Hernandez,51,36914 Bill Springs,Robertmouth,New Mexico,21659,178.358773,-66.6482725
Diane Rivera,50,871 Henry Fort,East Allison,Alabama,16165,67.235442,64.761319
Mary Johnson,71,592 Carter Tunnel Suite 929,Lake Jennifer,North Carolina,75740,96.960989,1.7359265
Randy Barber,72,8696 Smith Land Suite 274,Nunezfurt,Washington,34664,-47.066179,85.7900835
Sandra Williams,65,796 Reyes Oval Suite 484,Hartfurt,Washington,14411,120.199423,87.553923
Johnathan Johnson,58,5493 Joseph Stravenue Apt. 630,Beltranburgh,South Dakota,54942,106.276790,30.6639975
Donna Johnson,28,97002 Kelley Valleys,Port Kathleenborough,Massachusetts,84788,98.644170,-68.2400725
Michael Berger,18,711 Crystal Stravenue,Fletcherport,North Carolina,26756,-106.649056,30.410559
Lauren Jimenez,19,5463 Tiffany Highway Apt. 562,Collinston,California,39062,-20.041634,-46.355347
Nicholas Williams,18,500 Victor Overpass,Williamsburgh,Mississippi,45273,-125.579738,-37.979285
Michael Allen,61,0693 Vincent Glens Suite 540,Ritaside,Mississippi,62240,176.828427,3.8554125
Erika Allen,65,42606 David Wall,Natalieport,Utah,11751,54.337750,21.802727
Scott Gordon,73,3829 Thomas Expressway,North Michael,Hawaii,50347,79.587268,-20.9464555
Alfred Fitzgerald,43,32727 Adam Plains Suite 799,Jenningsmouth,New York,75453,-110.434197,83.988664
Chelsea Blair,45,699 Price Rest,Blackshire,Mississippi,74183,163.155722,16.2389185
Dave Nguyen,32,8809 Alan Estates,Donnaland,Illinois,87016,58.480189,66.994721
Dorothy Johnson,36,576 George Course Apt. 714,West Ellen,North Dakota,56863,-129.677478,-73.4673375
Michelle Nelson,57,97347 Gonzalez Throughway Apt. 729,East Richardchester,Louisiana,17799,7.685652,-5.8731145
Katie Logan,25,7672 Perez Garden Suite 626,Greenmouth,Georgia,43324,153.309962,-88.2185545
Thomas Bonilla,38,65125 Bowers Via Apt. 204,Melaniechester,Arkansas,36078,54.931699,-23.188767
Ryan Barry,69,3532 Robert Tunnel Suite 653,Kennedyburgh,Maine,50979,27.260230,-37.3369695
Michael Bell,75,956 Johnson Roads Apt. 766,Caldwellberg,Louisiana,18906,-55.173816,58.8530905
Jack King,65,47261 Carter Square,Bryantmouth,North Carolina,94757,103.533200,-78.026570
Jill Davenport,79,7863 Hickman Mountains Apt. 112,Rosefort,New Jersey,78080,-113.923282,67.7938575
Kim Ryan,40,4982 Alexa Expressway Suite 963,Lake Jenna,Texas,89344,-106.658437,-10.023627
Amanda Carter,21,7896 Smith Lane Suite 495,Kristabury,Massachusetts,16118,-26.071736,-39.3719275
Kathleen Nelson,46,84063 Parker Mills Apt. 841,Dustinmouth,New Jersey,92964,-179.734363,-80.9469295
Erin Kelley,44,0090 Griffin Forge,Port Daryl,Oklahoma,88167,124.581149,7.384455
Mrs. Lisa Carlson,55,4272 Lambert Crescent,Pachecoview,Nevada,34540,177.908609,17.7095995
Danielle Alvarado,26,944 Tami Lakes Suite 599,Lake Alyssahaven,Colorado,08216,104.911590,-12.7169185
Nancy Mason,67,1436 Matthew Prairie Suite 510,North Jeffrey,West Virginia,55828,-117.047964,50.706498
Brandon Jenkins,64,995 Mary Fall Suite 835,Staceyview,Missouri,61924,176.856674,43.9893015
Eileen Carson,47,8057 Patrick Corners,South Lisa,Virginia,86934,59.086689,76.6030195
Jennifer Cole,40,756 Alexander Haven,Taylortown,Kentucky,43304,-26.043595,33.9138585
Trevor Trevino,46,9912 John Viaduct Apt. 625,South Blake,Colorado,43565,78.807968,-0.1370595
Jose Silva,58,504 Sarah Mews,New Calvinhaven,Tennessee,98770,-40.754552,48.087964
Krystal Clark,46,6256 Gross Island Apt. 461,Melvinville,Montana,27173,62.538971,-33.326760
John Thompson,34,054 Michael Village Suite 697,South Jacobtown,Arkansas,78559,134.327522,-32.004575
Alyssa Miller MD,34,54346 Holly Plaza,Collinsberg,West Virginia,26927,-42.680286,70.7125185
Terry Griffin,32,325 Clark Branch Suite 200,East Shelby,Nevada,98528,-130.915276,27.860754
Jonathan Pineda,20,47452 Elizabeth Court,New Allisonside,Nebraska,16056,145.024882,15.651056
Nicholas Lee,36,2685 Jason Junction Suite 256,Buckview,West Virginia,45677,128.280115,34.876636
Paula Butler,38,42716 Michael View Apt. 064,North Robert,Hawaii,08006,-145.428887,-1.2207965
Kenneth Beltran,44,04372 Shane Lane Suite 000,Vanessaside,North Carolina,69456,59.075837,-28.407318
Elizabeth Mcneil,67,532 David Coves,South Jennifer,Utah,04831,-64.956040,-22.5114045
Christine Anderson,54,19159 Rice Mills Apt. 726,Benjaminville,Maryland,49021,-27.833273,7.759959
Michael Hood,77,561 Victoria Causeway Apt. 465,North Jennifer,California,47185,35.404090,-63.571946
John Grant,78,218 Jonathon Mall Apt. 474,New Ryanland,Minnesota,01750,55.423383,6.924963
Timothy Sanchez,21,143 Karen Crossing Apt. 065,New Terri,South Dakota,15975,-165.783809,50.447824
Holly Walker,69,68784 Melissa Plains,Garciafort,Wisconsin,52465,143.962108,28.811136
Meagan Hendrix,26,6810 Taylor Pine Apt. 302,Donnaview,Michigan,22070,84.079546,-7.9650205
Craig Singh,39,53453 Branch Ridges Suite 803,East Elizabeth,South Dakota,84640,-92.813625,25.956122
Breanna Hoffman,69,36314 Diaz Wells Suite 760,East Trevor,South Dakota,51011,33.080283,-38.3816945
Brandy Ward,68,2426 Patricia Station,Coltontown,Wyoming,97531,97.465166,-67.066044
Leah Garcia,57,65256 Stephanie Corners Apt. 246,East Amy,Idaho,18274,34.081251,25.047584
Keith Mcgrath,80,12833 Robert Glens,South Ashley,Maine,54408,113.502619,-23.091927
Heather Woods,68,3847 Newman Cove,New Mark,Minnesota,85954,82.758907,60.6932115
Jessica May,54,01825 Ryan Turnpike Suite 235,Jacksonshire,Alabama,01329,-80.582225,-72.4149625
Elizabeth Gibson,76,10927 Bonnie Trail,Lake Heatherhaven,Louisiana,47943,148.206018,78.0828565
Tina Thomas,62,51797 Heather Mountains Apt. 434,Boothport,South Carolina,94839,-127.615667,40.425111
Louis Wallace,79,2073 Bryce Highway Apt. 544,West Heather,Mississippi,54677,-64.074306,-10.4261195
John Bridges II,60,889 Sergio Loaf,South Michaelville,Minnesota,32572,-108.477676,-53.4377225
Craig Miller,32,4845 Kara Forges Suite 831,Lake Jasonton,Alaska,30231,-36.370049,86.617959
William Francis,63,979 Jessica Lodge Suite 872,East Nicholasburgh,North Carolina,47520,-179.702980,19.017661
Tracy Franklin,55,865 Lewis Hill,Port Christina,Maine,36047,-59.105963,-48.0890745
Kimberly Horn,35,547 Madison Lodge,Samanthaburgh,Kansas,50604,106.573404,-56.601290
Bryan Rocha,24,7220 Hernandez Street,Port Emmamouth,Hawaii,66729,178.190971,65.836174
Brian Fox,64,35650 Brian Crossing Suite 723,South Sherryshire,Texas,61402,27.843001,-21.2329435
Chloe Bender,80,40398 Kyle Village Apt. 146,West Nicole,Louisiana,68626,132.053721,8.779103
Mrs. Kimberly Smith,40,900 David Island,Johnsonbury,Montana,34443,57.346863,70.742379
Patty Lang,70,55483 Alfred Islands Suite 766,Briggsfurt,Virginia,87013,81.454443,-75.445359
Gregory Sandoval,72,29179 Christopher Run Suite 993,Trevorborough,Louisiana,74910,26.155304,-88.3569455
Steven Blackburn,28,2643 Underwood Ramp Suite 849,New Granttown,Virginia,64727,135.914124,5.511523
Jordan Lawrence,70,621 Chavez Crossroad Suite 742,South Brandychester,California,94450,169.047613,-33.241015
Joshua Oliver,77,298 Tammy Cliffs,North Chadville,Michigan,60511,160.890585,-57.421733
David Shaw,67,5682 Kathleen Summit Apt. 960,South Jessica,Pennsylvania,35079,-4.592714,-37.1621295
Kevin Aguilar,69,956 White Circle,Margaretchester,Nevada,69922,-58.556897,53.1676395
Nicole Reyes,20,101 Joshua Radial Suite 430,Pearsonhaven,Montana,94816,154.418019,43.481941
Kimberly Moran,78,966 Robert Cape Suite 550,Murraymouth,Hawaii,39477,150.567566,16.6660985
Corey Jackson,23,761 Ashley Flats Apt. 760,Tonyatown,Minnesota,45111,-56.504511,68.6542945
John Chang,43,278 Melissa Springs,Washingtonview,Nebraska,71165,-38.921296,36.583658
Alexis Silva,78,914 Sanchez Circles Suite 885,Laurenmouth,West Virginia,34416,-85.152368,-46.9250895
Haley Kramer,46,8374 Mckenzie Port,Lake Anthonyhaven,Missouri,75872,-125.908604,25.274285
William Newman,51,757 Crawford Village,West Brendaview,Nebraska,68150,8.879507,-76.546741
Crystal Thomas,42,254 Shawn Meadow Suite 447,West Rachelberg,Idaho,38046,-7.806428,23.084273
Dillon Jones,80,6992 Daniel Throughway,North Lisa,Delaware,77112,-9.778004,35.405531
Taylor Norton,68,734 Johnson Row,Christineborough,New Mexico,56954,-68.747683,81.1774885
Thomas Beck,47,8304 Nichols Gateway,Kristenberg,Rhode Island,81981,-111.337193,-58.2296855
Lori Schmidt,63,80792 Durham Ways Suite 709,Hardingtown,Ohio,89518,-78.656960,42.068730
Mary Lamb,56,5227 Murphy Crescent,North Maryborough,Iowa,32922,-170.084355,25.2254225
Kari Bailey,59,22467 Arias Trace,Rachelmouth,Arkansas,87297,-155.603500,27.660852
Deborah Saunders,65,587 Atkinson Gardens Apt. 553,Lake Robertville,Massachusetts,82580,-137.341908,67.626257
Mark Marshall,31,38857 Carl Place Suite 560,Port Rebecca,Louisiana,64470,-136.775399,42.4673725
Andrew Curtis DDS,42,143 Rodgers Ramp Suite 620,Williamsborough,Louisiana,62409,100.957839,13.3482495
Kimberly Kramer,27,48211 Robinson Land,Warrenfort,Ohio,43508,42.957110,-77.351562
Alexander Austin,67,0005 Harrison Expressway,New William,Tennessee,85683,-15.588405,-87.8378905
Kevin Mclean,59,2009 Brian Fork,Harrisonmouth,Louisiana,71536,-69.317964,70.140740
Tammy Yang,80,299 Jefferson Path Suite 567,Cortezton,Rhode Island,94333,50.647521,-87.159533
Nicholas Marks,63,3429 Robinson Place Apt. 644,Carolmouth,West Virginia,90172,-87.713229,52.038240
Kelly Johnson,25,136 Rebecca Island,Lake Kimberly,Kentucky,46636,-170.043105,76.460812
Jessica Poole,57,67188 Reyes Extension,West Sarahmouth,New York,59816,-129.744787,-66.844017
Kimberly Juarez,44,503 Erika Islands,Moorechester,Nevada,05945,71.025297,-0.986447
Jeffery Perez,28,95930 Price Lock,Davisbury,New Jersey,58593,103.196555,-6.3036595
Isabella Nelson,19,843 Adrian Hollow Apt. 117,East Ashley,New Jersey,81466,-81.390755,81.9981245
Diana Flores,40,6761 Woods Pine,Port Cindyland,Arizona,63820,-28.747821,18.6388685
Donald Scott,49,365 Jacqueline Mount Suite 417,Vargasberg,Tennessee,73338,-120.642150,60.9392495
Darlene Hamilton,80,340 Stevens Mountains,North Anthony,Washington,37005,117.219667,10.300876
Debbie Atkins,36,9772 Anna Ranch Suite 755,Poolefort,Alabama,22459,-26.016582,-63.987490
Ashley Gardner,28,4489 Rebecca Forge,West Angela,Arkansas,61014,86.161692,24.559928
William Gilbert,27,88521 Carolyn Squares,Alexandermouth,Maine,16972,-57.338599,-31.698680
Maria Middleton,44,85096 Donna Hills Apt. 883,Matthewtown,Utah,63045,155.126627,-22.2467685
Russell Hall,61,3241 Dawn Neck,East Joann,Minnesota,47456,-87.975288,-24.906108
David Scott,71,23116 Wheeler Place,Morsemouth,Indiana,25054,-86.199886,-47.764030
Stephen Cohen Jr.,57,30679 Nicholas Throughway Apt. 462,Lake Robertmouth,West Virginia,06156,-172.412278,49.8759305
Stephanie Simmons,58,022 Kristin Vista,Wilsonshire,Virginia,95745,-43.597439,32.8765415
James Brock,72,689 Woods River,Murillomouth,Maine,38659,62.744495,28.841106
Pamela Murphy,22,3082 Hannah Valleys Apt. 695,Port Mary,Nebraska,59547,74.830620,-2.2025455
Vicki Sosa,22,2314 Stone Loop,Lake Jessica,New Hampshire,85748,-51.846193,-43.3561615
Thomas Krause,76,32145 Richardson Plains,New Gary,California,76832,-169.743581,15.1266395
Lindsay Moore,29,6061 Michael Track,East Raven,Georgia,12008,-56.876664,89.6291045
Shelly Brown,58,40464 Johnson Ford,Millsfurt,Mississippi,50656,8.695966,30.035372
Paul Hernandez,49,1346 Jennifer Lodge,Alvarezport,Iowa,73210,-0.285459,84.591258
Jason Taylor,62,385 Joseph Mews,West Jasmineside,Wyoming,15996,-138.135792,-39.632667
Peter Benjamin,34,924 Joseph Groves,Markland,Pennsylvania,02163,30.416150,-50.329093
Michael Mitchell,56,908 White Wall,West Amandashire,New York,70365,156.924095,-60.5000535
Jody Rodriguez,36,4511 Christopher Trace Apt. 010,Williamsville,Vermont,67423,-169.928316,2.3180395
Mary Hernandez,56,2609 Mcintyre View,Port Rachael,Missouri,36711,-79.762723,59.7196305
Jeffrey Braun,76,111 Cowan Neck Suite 037,Lake Kimberlyberg,South Dakota,29175,144.004330,-65.4245505
Marcus Williams,37,028 Nathan Trafficway,Saunderschester,Arkansas,25359,91.902125,-69.382749
Dustin Flores,37,8258 Preston Circles,West Dale,Nevada,81625,42.172159,-14.948305
Courtney Berry,79,3887 Joseph Freeway Apt. 277,Davisport,Massachusetts,72525,114.837742,-49.655126
Sarah Dennis,29,0903 Michael Mission,Port Donald,Maryland,02965,179.758555,-68.3132045
Kathryn Nguyen,43,46470 Wilson Fields Suite 054,Jeffreyside,Texas,16840,7.015609,39.437277
Kimberly Patel,48,04572 Brandi Lodge Suite 383,West Oliviaport,Tennessee,79955,85.566107,3.006493
Edward Ramos,31,326 Connie Coves,Bethanyburgh,Vermont,01570,120.349097,-83.7657115
Katherine Jones,39,46901 Clark Lakes Suite 085,Derrickland,Missouri,21832,-113.194737,-9.7333125
Gregory Thomas,78,3080 Oneal Ridge,South Teresa,Delaware,94080,-34.475819,-83.940747
David Lopez,37,51466 Justin River,Port Alexisbury,New Jersey,32999,38.400987,-58.489738
Jason West,74,032 David Springs Apt. 596,New Stephanieview,Louisiana,74682,128.075863,65.5364145
Alan Aguirre,40,90960 Cox Summit Apt. 317,New Tracy,Michigan,15618,-97.983970,-51.575523
Duane Jackson,55,89440 Fowler Causeway,Colemanville,Delaware,30733,-166.183930,60.4999225
Theresa Erickson,47,8238 Jeffrey Squares Suite 245,Port Michael,Minnesota,23270,-140.064458,-52.8817765
Amy Carlson,42,685 Robert Oval,Parkerview,Massachusetts,38341,-97.223693,11.7116845
Michael Arias,66,46231 Jones Views,Mayfort,South Dakota,06255,160.579128,69.8044325
Michelle Guzman,47,9845 Rivas Pike Suite 693,Wilsonside,Michigan,79698,149.977355,-71.2856415
Jerry Perkins,30,899 Bryan Lodge,Kevinport,Louisiana,11819,26.506503,48.5759475
Mr. Nicholas Harper,20,5651 Elizabeth Light Suite 071,Pamelaburgh,Maryland,13466,-51.658414,-18.707361
Christopher Lee,73,4603 Jenna Vista Suite 811,Kevinfurt,Montana,72939,175.002560,-10.0216745
Kyle Adams,80,7550 Anna Hollow Apt. 344,New Jonathanberg,Hawaii,04451,178.441094,-86.935572
Tommy Craig,30,84992 Lawrence Neck Apt. 519,Barnesside,Tennessee,95265,46.007588,-4.6948375
Linda Rodriguez,73,8346 Mary Gardens,West Deanna,Illinois,03162,-8.733780,40.4044225
Sarah Hill,36,8269 Chambers Wells Apt. 564,West Janiceborough,Pennsylvania,15219,176.758169,61.4738405
Sandra Cox,51,419 Julia Shores,Benjaminland,South Carolina,69598,-136.082197,6.9520625
Angela Molina,36,331 Castillo Mills,Lake Lisastad,Washington,59720,103.646941,64.5918305
Keith Dodson,60,87408 Mitchell Radial Suite 133,Flowersbury,Kentucky,22023,-93.916469,58.299908
John Sanders,38,298 Martin Freeway Apt. 323,North Jordanville,Arizona,23059,-179.015108,-71.2482765
Ronald Lyons,71,1920 Diana Shores,New Mathewburgh,Delaware,74325,-94.239199,25.290056
Tara Banks,70,591 Christopher Rapids Suite 886,East Anthony,Tennessee,16047,-17.521033,-44.495743
Stephen Johnson,73,33431 Fred Plain,Loveview,Idaho,56215,-65.008581,-15.5608775
Terri Thomas,46,201 Nichols Corner Apt. 789,Port Amanda,South Dakota,42970,160.471505,-18.1914185
Kevin Smith,26,247 Christine Brooks,Alyssahaven,New York,88073,-18.567686,-75.6114035
Diana Sullivan,21,1598 Brown Oval,Lake Michael,Missouri,85953,-167.550632,-75.3785335
Robert Lopez,26,3089 Sanchez Cove Suite 571,Port Melanie,Montana,24294,-88.068683,80.723097
Andre Collins,73,00661 Aaron Land,Williamville,Kansas,12338,138.933127,-31.453940
Mr. Richard Foster,55,33951 Kelly Street,Valentineberg,Pennsylvania,68092,-25.696419,-41.622630
Alexander Escobar,31,57188 Lowe Knolls Suite 035,North Susan,Minnesota,25166,-100.533581,-60.920425
Jessica Ibarra,48,059 Nicholson Canyon,East Jacquelineport,New Mexico,93828,-48.842613,49.8757485
Timothy Fitzgerald,39,126 Henry Lodge Suite 292,Phamfort,North Carolina,22094,-158.353117,-19.463512
Scott Sullivan,26,55289 Miller Trail Apt. 814,South Ricky,Wyoming,86873,99.266049,-71.917875
April Harris,56,74574 Tony Expressway Apt. 925,Jeffreyland,New Mexico,60934,127.818104,68.322047
Tyler Dawson,65,23665 Herring Skyway,Lake Marcmouth,Michigan,89376,-95.774118,-17.535723
Brittany Marshall,34,366 Patricia Isle,Alexanderton,Oregon,53092,-159.938706,-50.659723
Carol Barker,48,376 Jerry Junction,Anthonychester,New Hampshire,39512,-145.967214,-57.6613025
David Neal,70,546 Tammy Lakes Suite 873,Kellyfurt,Wyoming,46611,-160.033597,-13.4853325
Lisa Erickson,28,64756 Justin Stream Suite 171,New Michaelburgh,Wisconsin,85915,52.697390,66.758588
Darius Mosley,65,12729 Walker Center,North Terrifurt,Wisconsin,85832,38.630182,-38.5092615
Victoria Davidson,70,8392 Richard Points Apt. 722,Brendastad,Mississippi,30201,136.032198,-72.294925
Gregory Kirby,31,570 Foster Haven,Rodriguezfurt,Vermont,91120,57.880875,-4.8523765
Daniel Hester,65,9724 Potts Valley Suite 475,Port Karenborough,Rhode Island,18574,116.188297,57.368208
Jeremy Marks,78,31704 Lopez Villages Apt. 670,Geraldfort,California,10240,-117.116796,-30.501520
Jonathan Turner,57,3009 Cheryl Cliff,Port Curtis,Connecticut,97502,169.842568,-79.4386595
Chris Turner,36,96397 Sean Estates Suite 070,Carlosshire,North Dakota,17219,18.907096,-65.5084105
Gabrielle Wilson,50,110 Nelson Spurs Suite 495,Dylanburgh,Oklahoma,24711,-149.150077,6.3093935
Mrs. Jennifer Ramirez,37,81263 Kirk Rapids,New Ryan,Nebraska,37760,95.190597,72.3516215
Darren Williams,66,89909 Crystal Ports,Port Marieberg,Kentucky,80272,140.034588,88.5814885
Rodney Williams,72,16505 Carey Street,Weberberg,North Dakota,08969,-144.069019,34.685509
Nicole Gross,37,799 Courtney Vista Suite 573,Johnstad,South Dakota,24218,23.976888,75.950190
Madison Nelson,59,1158 Rice Ports Suite 855,Barbarashire,Illinois,92493,-174.473977,-4.467118
Jessica Tate,75,3633 Mark Spur Apt. 936,Jamesville,Tennessee,31300,113.834976,-45.437445
Allison Porter,72,9505 Kristen Cape,East Jackiebury,South Dakota,15090,-25.775406,68.8019575
Derek Collins,75,62139 Dawson Islands,Jonathanshire,New Jersey,79560,-116.617248,39.925140
Rebecca Jennings,57,780 Garcia Mews,New Larrymouth,Indiana,68030,119.998879,-11.824683
Emily Bell,51,741 Monica Road Apt. 588,Lake Kimberlyberg,Ohio,42118,-137.858718,28.2376285
Gerald Hawkins Jr.,34,98848 Wendy Divide,Whitebury,Arkansas,89931,79.052073,-79.4832775
Ethan Hughes,63,8798 Jeffrey Coves Apt. 389,South Nicholas,Michigan,58097,113.735665,64.038004
Greg French,65,0319 Wu Point,Lake Blake,Hawaii,91859,102.443838,-54.347563
Leslie Thompson,42,4979 Aguilar Trail Suite 431,West Sarahshire,Delaware,86642,159.348136,-9.2268545
Austin Wallace MD,21,903 Samuel Plains Suite 358,Charlesfort,Louisiana,14512,-11.273793,78.152820
Kathleen Walker,56,9182 Butler Plain,Markton,Kansas,28745,-91.302768,22.469794
Robert Macias,42,90279 Alexis Loop Suite 756,Lake Dominique,Arizona,03238,107.750443,12.578823
Crystal Soto,38,295 Meyers Isle,Smithside,California,60637,-148.222834,-36.723392
Charles Watson,50,627 Sydney Lights Suite 102,New Ruth,Nebraska,43778,-124.235661,20.5712235
Michael Perez,42,73474 Owen Coves,Cassidymouth,Minnesota,95794,49.347609,-40.8495835
Krista Browning,21,04193 Chase Road,West Allisonmouth,Alaska,90937,15.057134,-61.9648215
Jennifer Rollins,29,18126 Owens Plaza,North Betty,Minnesota,67635,-107.304862,34.142575
Cole Black,58,64215 Roth Hill Suite 548,Thomasview,Maine,90751,165.619325,52.339713
Brian Hancock,80,1718 Vargas Hills,Brownville,Hawaii,00958,-121.836265,-2.2952185
Allen Tucker,76,322 Katelyn Village Apt. 353,South Donna,North Dakota,99319,-175.374465,-27.870293
Nicole Turner,79,990 Cameron Plains Suite 895,Timothychester,Oklahoma,32824,-137.853534,21.1208185
Ashley Phillips,76,77457 James Lights Suite 638,Port Amy,Wyoming,57561,115.114673,35.751544
Judith Caldwell,44,83205 Julie Station,Cainhaven,Pennsylvania,26657,-130.086854,6.940208
Jordan Williams,26,531 Howell Island,Changbury,Arkansas,75746,14.775446,0.952354
Robin Morales,74,985 Rodney Plains,Andreaburgh,Maryland,09755,-30.119296,85.4038325
Alyssa Williams,70,3783 Stanley Rue Apt. 719,North Abigailfurt,Idaho,84386,80.867623,-21.308212
Brooke Bowers,37,01194 Fox Radial Suite 437,New Jaime,South Dakota,96561,118.388982,-58.8894695
Christina Howard,60,4440 Claudia Corners Apt. 622,Mariaview,Washington,03604,-35.743365,4.322745
Rachel Gilbert,63,431 Yu Club,New Jenniferhaven,Hawaii,85302,174.839167,-64.247236
Benjamin Moore,28,5229 Green Mount,Kimberlychester,Connecticut,65519,161.504111,73.6198915
Matthew Moore,61,4591 Alexandria Shores,East Zacharyside,Louisiana,38455,134.655584,-26.4541025
Matthew Martinez,33,665 Bell Port Apt. 316,New William,Delaware,88714,-130.093218,65.0735275
Timothy Higgins,64,1152 Amanda Lakes Apt. 824,Port Sheila,Indiana,85219,72.879140,4.819237
Laura Herring,47,2073 Susan Square Apt. 815,Davidmouth,Tennessee,89053,176.640552,9.387471
Anthony Smith,75,5322 Lewis Island Suite 711,North Lucas,Kansas,99202,-36.902981,-56.773398
Amber Martinez,42,1499 Moore Park,Port Maria,Oklahoma,12459,172.133926,54.016389
John Mercado,43,912 Hernandez Shore Suite 782,Hensonport,Kansas,07074,-119.402532,73.503236
Karen Arnold,47,508 Martin Shoal Apt. 136,Cherylstad,Nevada,58055,-38.825264,24.0571715
Kathryn Green,43,7016 Kimberly Tunnel Apt. 493,Stevenburgh,Illinois,61584,18.767876,-38.9910815
Misty Garza,71,219 Amanda Terrace Apt. 645,West Ryan,Connecticut,68443,46.446651,-55.899312
Brandon Anderson,30,859 Greg Causeway Apt. 147,West Marc,Hawaii,50436,99.786690,-75.401681
Kathleen Peters,72,73562 Patricia Inlet,North Susanside,North Carolina,25627,101.531783,15.124216
Thomas Adams,61,541 Alexander Summit,Erintown,Idaho,89608,-6.221616,65.1459815
Matthew Garcia,57,590 Taylor Divide Suite 167,Schneiderton,Alabama,86838,-70.145734,7.4511795
Kathryn Mclaughlin,32,8459 White Ford,Nelsonport,Hawaii,14665,-43.856460,-12.4438665
Mary Flores,64,829 Joseph Plains Apt. 284,Port Jacob,Montana,13889,-39.997331,78.263836
Cristina Martin,21,06875 Katie Route,North Adam,Hawaii,04907,-106.630805,65.2795715
Phillip Schneider,79,904 Amanda Points,East Adam,Wisconsin,91562,-110.552633,22.001473
Jessica Harris,65,80217 Harrison Harbors,East Bryan,Indiana,32859,25.297513,81.956405
Darryl Kirk,53,716 Cantu Plaza Suite 134,New Christine,Washington,55735,128.574520,28.6301855
Catherine Callahan,59,041 Omar Springs Apt. 531,Joshualand,North Dakota,16838,-57.382486,67.363493
Jimmy Brooks,31,91285 Walls Viaduct,Ginaview,Kansas,67189,82.421068,50.710910
Rachel Buchanan,61,8300 Roach Squares Suite 295,Maryland,Alabama,95896,122.740134,-9.367537
Eric Lopez,34,95639 Stephanie Keys,Wadechester,Kentucky,39402,-176.625913,25.956017
Dorothy Combs,63,1968 Nunez Grove,Jenniferhaven,Ohio,85455,161.223346,-35.1522665
Ryan Wilkins,18,027 Michelle Bridge Apt. 213,Jeremyhaven,New Jersey,55738,-33.751312,-42.2554675
Catherine Ellis,70,2835 Deborah Street,Chavezburgh,New Mexico,87279,-125.614038,-27.2461355
Austin Patterson,59,52887 Laura Lane,Jamesmouth,Wisconsin,50928,-152.846294,60.421571
Elijah Thomas,79,080 Rachel Ford,West Donald,Rhode Island,67607,-1.131034,35.2292165
Brandon Morales,66,4618 Rodney Green,Kingchester,California,22727,-144.115398,-40.2598585
Bailey Olson,23,793 Casey Skyway,West Brandon,Mississippi,15599,-65.216362,52.177896
Holly Flores,76,775 Day Village,Port Kennethport,Minnesota,47851,78.928883,86.034132
Kevin Hanson,43,3718 Reed Via,Ortizland,Virginia,43507,-165.665835,-12.2759295
James Dunlap,21,9108 Olson Keys,Jacquelineburgh,Rhode Island,28541,-59.674531,-43.459196
Misty Arellano,53,12618 Jessica Skyway Apt. 979,Klineshire,Florida,13416,-42.251757,-18.627965
Amber Thomas,51,238 Wilson Isle,North Cindy,West Virginia,14124,-126.233511,-72.779801
Zachary Pacheco,76,08095 Craig Street,Bairdmouth,Maine,43431,72.658409,83.7793805
Joseph Johnson,52,7820 Ryan Wall Suite 080,West Ann,Wisconsin,45265,27.332666,25.187582
John Thompson,19,8069 Miles Mall Apt. 364,Tonymouth,West Virginia,50236,-14.203367,-75.9805615
Angela Austin,80,11171 Aaron Station,East Howardstad,Kentucky,35213,145.499686,64.3432635
Michael Lewis,37,9420 Smith Orchard Suite 926,Mendozaside,Maryland,92576,177.940422,-36.9425635
Denise Odonnell,69,4721 Hawkins Extension Apt. 818,Lake Jamie,Iowa,80017,99.466877,89.0212265
Natalie Brown,59,125 David Estate,Port Peter,South Carolina,36565,-109.808378,60.1846385
Holly Garza,71,5217 Morgan Greens,Richardville,Virginia,14019,136.073717,83.467398
Tiffany Short,41,966 Thomas Coves,Carlton,Florida,83300,-135.294771,-78.551412
Sandra Nelson,70,94996 Collins Shore Suite 329,Randyton,Tennessee,28641,105.203798,-32.269517
Mr. Frank Jackson,44,50240 Natasha Mall Suite 880,South Brianland,Rhode Island,57118,-176.546780,83.6452745
Jason Price,52,804 Murray Fork,West Caleb,Maryland,51466,-135.213334,-78.103688
Madison Kelly,70,681 Flores Centers,South Deanna,Connecticut,95350,13.993947,-30.6044695
Stephanie Hendricks,27,17936 Johnson Meadow Apt. 864,Justinside,Alaska,92208,-102.978749,86.6296365
Joshua Brady MD,72,1527 Kathleen River Apt. 581,East Jason,Alabama,38263,24.525877,28.484032
Kathryn Blake,63,619 Blair Prairie,Taylorfort,Nebraska,06217,-99.571416,26.2232825
Mr. Brandon Medina,24,20473 Chase Road,Wrightburgh,Connecticut,58906,-10.417682,-18.0269085
Mary Sanford,20,73946 Claudia Estates,Mercedesfurt,Ohio,64718,47.129517,38.078097
David Alexander,69,8800 Sarah Tunnel,Jessicahaven,Virginia,35250,14.710897,-20.4229735
Jessica Melton,54,30777 Zuniga Trafficway,New Jillside,Iowa,16576,-61.959051,-78.8132265
Kenneth Khan,44,1904 Ford Place Apt. 850,Mullenborough,Florida,74679,-158.575385,-65.5279875
Terry Roberts,47,2096 Jeremiah Vista Suite 386,Leahmouth,Virginia,38044,-37.346688,-71.8990425
James Shaw,28,299 Moore Light,Lake Justinbury,Idaho,19952,65.146132,86.718459
William Greene,37,87584 Jessica Isle,North Elizabethhaven,Maryland,16287,-42.410263,73.0644905
Joseph Pena,49,105 Ellis Cliffs,North Todd,South Carolina,48981,-38.036143,-48.8443065
Cindy Coleman,61,37994 Lowe Squares Suite 154,Kelleyfurt,Colorado,18476,-56.727187,76.3266615
Carla Mora,23,43303 Allen Ford,New Richard,Oklahoma,81484,35.869219,10.2586955
Mr. Douglas Scott,23,17250 Hernandez Islands Suite 377,Andersonstad,Rhode Island,23659,-138.946324,-5.9080605
Larry Sanchez,18,04625 Figueroa Junctions Apt. 103,Rickyberg,Missouri,62512,-124.190309,-0.7297725
David Dennis,76,9198 Christopher Mountains Apt. 225,Rebeccaland,Oklahoma,08825,41.336785,-63.646797
Julian Miller,73,287 Jessica Passage,East Brandonshire,South Dakota,35086,119.291112,39.7707775
Tiffany Shaffer,72,964 Wilson Canyon,Port Veronica,West Virginia,42663,-47.996122,-34.080197
Kimberly Hernandez,50,13209 Anderson Drives Apt. 575,Nicoleshire,Wisconsin,28650,-154.753936,13.7674775
Benjamin Keller,76,515 Cline Dale,Shafferside,Massachusetts,48375,97.789415,70.1476915
Dawn Clayton,63,3584 Ortiz Green,Mendezport,Kentucky,35444,-107.609089,-33.251348
Heather Jones,62,046 Parker Ridge Suite 114,Tinamouth,North Dakota,76462,-62.592741,-0.559259
Ashley Kelley,76,5630 Freeman Canyon Apt. 420,South Ericmouth,New York,80137,-79.658328,-85.4482695
Katherine Greene,73,36813 Michael Park,South Sherry,West Virginia,04292,79.570000,-64.275120
Angela Castro,36,224 Spencer Pass Suite 980,North Erin,Hawaii,33666,62.871299,-62.8137905
Carla Alexander,68,589 Joe Glens,North James,Indiana,25016,46.022944,42.3615925
Steven Sanchez,23,23947 Jack Shoals,West Melvin,Massachusetts,32619,101.780134,44.480064
Kristopher Young,57,7062 James Haven Apt. 285,Port Jessica,South Carolina,83005,12.519177,-88.5562845
Brian Bullock,46,264 Jesse Village,New Glennton,Ohio,97161,-175.450006,34.4486375
Monica Ramos,27,939 Perry Manor,Aliciamouth,Massachusetts,18128,-21.815190,44.0682835
Betty Gould,20,460 Cindy Causeway Suite 026,Wellshaven,Utah,44079,-124.577455,-64.5858585
Kathy Baldwin,67,1475 William Spur Suite 817,Ralphmouth,Vermont,81548,118.720355,44.8245935
Amy Stewart,24,804 Taylor Fords,Davidberg,Tennessee,92999,-147.605784,88.817260
Alicia Morales,64,7397 Branch Gateway,West Amyfort,Oregon,84541,94.652986,7.094722
Julia Arroyo,24,650 Craig Stravenue,Port Ryan,Georgia,56136,-127.570394,49.3326995
Brian Obrien,40,046 Sanchez Canyon,Lake Maryton,Oregon,24825,-77.058759,-17.4388925
Mark Hampton,55,282 Walker Wall,Timothyview,Idaho,82743,-96.201375,-31.0932325
Amanda Jenkins,67,62565 Salinas Village,East Natalie,Connecticut,64880,-177.042412,12.5896435
Daniel Phillips,72,796 Lopez Shoal Suite 892,Tonyaburgh,Nebraska,89096,23.622335,-12.2899045
Martha Hoffman,60,49500 Wright Underpass,Josephstad,Ohio,13370,44.661047,-46.634009
Jenna Scott,70,23225 Patrick Forge Suite 530,Murphyshire,Delaware,14352,-30.263283,48.4868815
Jade Brown,75,53517 Walker Pines,Matthewchester,Oklahoma,69781,-77.587028,80.912532
Amanda Carter,59,9461 James Ramp,Sarahside,Hawaii,05948,35.408408,20.8046445
Sarah West,28,91926 Maria Trace,Edwardton,Alabama,19761,94.133718,71.4775945
April Duran,30,414 Clark Roads,Sheltonview,Kentucky,45864,-1.775051,-53.626507
Sharon Coleman,31,333 Johnson Mission,New Derekchester,North Carolina,32342,-95.424441,-41.1490425
Heather Gates,60,85458 Karen Lake,Bennettberg,Utah,29626,-93.413621,-64.323289
Elizabeth Henry,33,25325 Davidson Pine,North Andrew,Hawaii,05887,-143.743797,32.0498345
Jacob Boyle,45,68222 Ryan Avenue Apt. 639,Eileenmouth,Oregon,91109,175.921276,60.803384
Hannah Higgins,53,773 Harrington Point,New Amybury,Rhode Island,48995,119.726563,42.132736
Mark Adams,31,5311 Robinson Port,North Kellytown,Louisiana,32003,-164.366011,-6.451566
Richard Gallegos,72,167 Elizabeth Village Suite 668,Andrewmouth,Oklahoma,28133,97.590426,64.753286
Jillian Sandoval,55,8683 Tracy Freeway Suite 809,West Christina,South Dakota,38305,74.875712,-60.416635
Kyle Kelly,64,346 James Islands Apt. 986,Kyleburgh,Georgia,79737,-6.389613,29.009807
Kelly Campbell,42,99744 Bass Centers,Dawnhaven,Hawaii,77931,149.534953,-85.650945
Ryan Taylor,43,0944 Jennifer Ports Suite 283,Douglastown,Florida,56583,13.763495,-81.310856
Amy Davis,73,91973 Thompson Meadow,Jeffreyview,Nevada,51236,13.615441,-22.6009965
Cynthia Williams,37,24654 Jake Trail,Duncantown,Wisconsin,53137,-47.014519,29.809924
Faith Wright,48,234 Alexander Wall Suite 079,South Alyssa,Nevada,46808,112.875207,15.314826
Nicholas Johnson,73,30177 Olivia Locks Suite 548,Robertsonton,South Carolina,43495,-65.634477,35.0792065
Thomas Jones,50,4529 Knight Cliffs,Lake Justinborough,Vermont,54897,95.713403,-86.5787275
Brittany Johnson,66,650 Anthony Lake,West Antoniostad,Pennsylvania,30873,-9.062798,54.986693
James Cooper,73,847 Shields Shoal,Sanchezmouth,Mississippi,81119,-106.883437,25.181124
Rachel Davis,33,8533 Nicole Gateway,Toddland,Missouri,60406,137.532316,-44.2031455
Samantha Davis,35,9572 Maria Springs Apt. 940,Bobbyside,Alabama,94802,-168.637310,-10.568429
Nichole Williams,38,5094 Hodges Via,West Cynthia,Louisiana,86674,-75.626305,19.000618
Sean Williams,65,7321 Justin Radial Suite 711,Caseshire,Hawaii,20069,-79.832906,71.9074535
Courtney Hunter,24,135 Miller Camp Suite 017,Irwinside,Missouri,93426,-33.612416,13.916969
Jeffrey Glenn,52,3644 Veronica Flat Apt. 915,Josephfurt,Oregon,22658,-10.871870,-87.853245
Michael Jennings,56,463 Holloway Manors,Port Richardstad,West Virginia,43065,-32.960890,-59.277889
Christy Lewis,42,16774 Davis Light,Romerotown,Georgia,51280,-32.699764,63.5623775
Timothy James,25,160 Kevin Drive,Connieton,New York,39277,27.219712,-16.9984955
Luis Meadows,33,52751 Jenkins Island Suite 373,Franklinfort,Virginia,31587,21.448432,-76.821594
Kimberly Mitchell,36,59091 Wilson Islands,Port Jacob,Colorado,10373,-34.711426,-84.2008385
Timothy Buchanan,18,61238 Jackson Common,Torreston,New York,14984,106.631677,28.9847235
Erik Fletcher,56,701 David Passage,North Josechester,Hawaii,52827,4.638492,24.3460525
Ms. Melissa Garcia,71,0110 Russell Extension Apt. 875,East Derrickchester,North Dakota,37038,-125.816493,78.320811
Cynthia Ray,34,033 Guerrero Bypass,South Marktown,Minnesota,33467,102.470396,8.147871
Jamie Erickson,75,85956 Reyes Valley,Hopkinschester,Iowa,57138,78.823288,-79.6842355
Keith Romero,35,60953 Holt Isle,South Kristin,Nebraska,55446,-33.743598,-87.6944605
Bobby Brown,54,61792 Michael Shoal Suite 187,Lake Amanda,North Carolina,16270,136.736277,84.423052
Ronald Sullivan,60,54692 Wright Rapids Suite 099,Brianport,Utah,99448,110.014120,-75.679862
Charles Walsh,75,5241 Douglas Trail Suite 301,Deniseville,Florida,87067,-10.170515,-74.5993875
Jamie Hancock,68,752 Angela Fort Apt. 405,Fergusonton,Arizona,46711,95.724597,66.9097295
Stephen Peck,48,8528 Vicki Island Suite 276,Riveraville,Wyoming,56928,101.193119,49.1882165
John Gray,61,270 Crystal Forge,South Angela,South Dakota,52981,34.497535,76.067546
Andrew Smith,65,468 Marie Greens,North Tiffanymouth,Idaho,90277,62.693270,-59.0203685
Mason Hanson,79,37406 Arthur Mills Suite 587,East Patricktown,Washington,04325,165.080520,7.0333995
Kenneth Hall,77,13176 Ross Land Apt. 932,East Jonathanside,West Virginia,17429,156.025023,-38.2905975
Melissa Moore,79,09407 Johnson Mission,Thomaschester,West Virginia,14380,152.127814,45.881049
Makayla Wagner,72,362 Cody Drive Apt. 742,Lake Christopherstad,Texas,56544,24.294653,-57.1435395
Judy Lambert,27,53356 Christina Court,Kingbury,Alabama,85336,-174.131377,-29.5569555
Charles King,61,847 Carlson Ridge,West Hollyland,West Virginia,32829,172.498984,-55.492589
Zachary Bradshaw,54,82798 Bowman Heights,Lake Kristina,South Carolina,88362,36.859067,-12.4820205
Samantha Mcdowell,27,1111 Faulkner Meadows Suite 600,Ronaldton,Illinois,27598,159.148759,-71.7429215
Steven Rodriguez,41,182 Michael Trace Apt. 021,Paceshire,Arizona,37249,126.747519,-84.074749
Sherri Walker,28,809 Robinson Courts Apt. 093,Robbinston,Montana,42654,-95.073623,14.2436035
Kevin Hernandez,50,632 Boyle Islands,Davidbury,Maryland,27483,36.469134,-38.634425
Elizabeth Dunlap,22,76836 Duncan Point,West Marvinton,Mississippi,70668,-25.218780,49.897621
Chris Johnson,25,41702 Jesus Causeway Apt. 260,Robertville,Indiana,55696,123.629612,-9.394852
Joshua Sheppard,59,101 Gonzales Court,Maryfort,Virginia,35016,-136.083005,-32.028324
John Steele,36,495 Carrie Springs,East Donaldstad,Colorado,22899,-92.662002,25.953231
Daniel Mcclain,56,11659 Cruz Underpass,Brownland,Iowa,37660,41.367034,-70.3569475
Katie Simmons,74,485 Mary Circle Apt. 231,West Ariel,Oklahoma,84576,96.250367,24.6612725
Timothy Sanders,76,788 Ernest Ferry,Lake Keith,Kansas,53159,-151.742589,62.3365065
Michelle Daniels,25,031 Smith Tunnel,Krausemouth,Arkansas,50382,-34.389750,-51.7686245
Renee Evans DDS,27,0812 Amanda Lights,Rachelport,Nevada,84579,164.141858,-33.8973595
Brianna Page,66,3960 Luna Common,Carpenterfurt,Maine,70554,-174.231166,-8.1182725
Kimberly Sandoval,39,1841 Lloyd Shore,Lake Markport,Mississippi,33228,-79.802311,8.4587635
Michael Williams,47,4115 Moore Place Apt. 487,Raymondberg,South Carolina,37962,3.141529,-55.9533325
Frederick Stephens,72,4194 Eric Meadow Suite 511,Hicksland,North Dakota,01040,130.880369,-29.528649
Jacob Lane,49,185 Rebecca Causeway Suite 503,Dawnbury,Tennessee,96581,-103.282862,44.268607
Donna Roberts,40,364 Richard Garden,Penaborough,New York,29666,-164.614237,64.280220
Nicholas Taylor,20,407 Nancy Inlet Suite 328,Matthewside,Mississippi,11915,-62.181057,84.4413545
Marc Walker,31,42825 Scott Greens Suite 713,Jesseton,Minnesota,82569,-92.374353,16.2169705
Casey Arias,36,801 Walsh Rapid Apt. 868,South Caitlin,Oregon,75278,95.844431,-24.762382
Benjamin Jones,22,9816 Sheila Bypass Apt. 094,Port Keithfurt,Massachusetts,81485,79.534721,-35.850305
Anthony Wheeler,54,62845 Susan Viaduct Suite 951,North Sarah,Michigan,82606,-100.873599,-75.4301605
Daniel Simon,28,40454 Torres Fords Apt. 629,Kimberlybury,West Virginia,85339,-119.214355,66.6129935
Sarah Collins,71,30148 Anna Plains,New Kevinton,North Dakota,87795,-88.832440,55.4502405
Greg Zimmerman,68,81982 Gonzales Gardens,Davisburgh,New York,35327,-9.561092,57.3054775
Joshua Smith,30,8304 Kendra Turnpike Apt. 758,Nicholsmouth,Minnesota,19827,-61.056186,12.6423915
Amber Schroeder,41,461 Ramos Drives,West Gregory,West Virginia,61393,-9.480458,39.224549
Brett Jones,28,49505 Shelby Hollow,Lake Daniellefurt,New Hampshire,52370,65.153102,46.103382
John Ramirez,21,4258 Peter Summit Apt. 602,Sharpchester,New Mexico,51938,-162.457006,-75.647006
Nicholas Reed,63,54388 Marquez Keys,Drewhaven,Ohio,06688,-13.754729,73.667730
Alex Alvarez,78,386 Rivera Rue Apt. 997,Meredithfurt,Nebraska,21547,-108.730808,19.671611
William Sandoval,69,002 Ibarra Terrace,South Yolandaburgh,Kansas,14755,61.546981,-4.844911
Aimee Hamilton,19,1701 Gentry Forks,Fowlerport,Nevada,85255,48.289505,14.5529935
Kayla Adams,30,916 Mark Extensions Suite 204,Matthewburgh,Tennessee,20654,91.292642,89.233229
Jesus Wells,58,162 Austin Mall,Port Laurenport,Kansas,29580,-36.530535,-79.3294135
Dustin Mendoza,39,58303 Richards Rapids,Jakestad,Texas,03462,-125.600365,7.692267
Cynthia Suarez DDS,75,25557 Jennifer Neck,Lake Jamesmouth,Oregon,08428,-47.415289,-82.0773065
John Johnson,70,27387 Mills Courts Apt. 864,West Aaronfort,Arkansas,25005,-150.529129,-73.906703
Lauren Thomas,59,889 Zachary Hollow,South Alisonberg,Massachusetts,05459,149.937486,17.1987965
Jessica Bonilla,57,759 Valdez Ridge Apt. 136,Johnsonshire,South Carolina,57943,-32.479911,16.6490475
Scott Brown,19,77979 Martinez Plains,Danieltown,Montana,17221,-16.968500,43.393053
James Palmer,44,664 Parker Viaduct,East Kelly,Tennessee,94178,119.974854,-48.473091
Tabitha Malone,64,13861 Baker Circles,Lake Donna,Wyoming,12588,40.725611,-24.698301
Andrew Vasquez,28,6359 Mills Underpass Suite 853,Smithmouth,Hawaii,73417,117.715520,71.403034
David Hernandez,32,83023 Eric Crossroad Apt. 163,Parkerchester,Pennsylvania,85688,58.844299,25.0001995
Mrs. Jackie Becker MD,30,4541 Coleman Skyway,East Zacharyport,Oklahoma,40237,75.745768,-21.1442435
Jake Knight,53,0659 Perez Road,Nancyshire,Illinois,79082,-104.200814,58.260304
Kelly Zuniga,63,74724 Burgess Row,Johnmouth,Illinois,21606,-121.094288,69.7907055
Miranda Weaver,60,39179 Kenneth Groves,East Alexisside,Nebraska,89164,-31.282149,64.2081075
Fred Hart,49,80791 Jesse Village,Hillton,Arkansas,19632,-45.049090,11.673408
Lindsey Ramirez,27,52052 Brandon Alley,Yuport,Virginia,14375,92.070940,-23.8142935
Tanya Melendez,36,4030 Robert Summit Suite 455,Kelliside,Maine,41279,140.195989,23.885772
Rachel Little,58,6462 Garner Track,Jonestown,New Jersey,06827,162.162937,-51.6790955
James Reyes,80,44140 Turner Pike Apt. 559,New Christine,Wyoming,06346,-16.665197,-33.220544
Bill Jones,61,2541 Rebecca Centers,Thompsonville,Oklahoma,14058,105.260600,15.1270925
Lydia Watts,24,2370 Brandon Villages,Victorborough,Texas,68695,-10.426146,68.211588
Taylor Brown,71,6850 Turner Overpass Suite 143,Priceburgh,Florida,91364,-129.755419,-7.0600905
Belinda Barton,31,049 Harris Groves Suite 805,Robertfurt,New Mexico,49152,155.206602,36.0894225
Dawn Hicks,75,8788 Velez Creek Apt. 859,West Emily,Florida,52921,115.740630,-66.9099935
Chad Newton,32,443 Kevin Villages,North Laura,Nebraska,15601,12.564309,84.571265
Barbara Bartlett,31,9783 Jennifer Club Apt. 466,Jennifermouth,Colorado,52187,-132.324832,-68.2928885
Denise Jones,63,9117 Lawson Stravenue,Mejiaton,Illinois,93586,79.973401,30.8341675
Donna Woods,58,732 Stephen Ports Apt. 565,Josephmouth,Tennessee,44873,-91.823557,87.3477255
Olivia Williams,74,63217 Micheal Villages Suite 102,Ramirezside,Utah,04436,-118.871436,32.021250
Shannon Page,35,6423 Schultz Overpass Suite 784,Blackmouth,Montana,65104,-71.087403,48.5973575
Michael Harris,69,04695 Timothy Cape Apt. 745,Port William,Louisiana,56504,-148.795309,23.3290675
Jessica Brown,61,164 Norris Freeway Apt. 958,North Karenborough,Missouri,53920,-150.758552,-41.8891205
John Freeman,35,1491 Brendan Parks Apt. 216,East Chrismouth,Florida,89001,136.014192,65.3950815
Cynthia Swanson,28,30298 Ortiz Ford,Carterville,Washington,29649,89.389438,-56.857359
Melissa Guerra,33,1604 Carolyn Loaf,East Karen,West Virginia,78594,-85.725765,79.6964185
Jacob Chang,72,3388 Boyle Mountain Apt. 101,Bakerport,Wisconsin,09303,-14.421791,-52.853179
Christine Russell,28,09570 Mosley Plains,West Peterfurt,Oklahoma,33901,175.866304,-21.570603
Brianna Adams,79,5604 Lynn Orchard Apt. 445,Port Phillip,Nevada,68558,64.792611,43.5475415
Mary Schultz,51,1160 Flores Plaza Suite 697,North Samanthaville,New Jersey,18686,-62.995660,-72.382326
Brenda Little,69,82352 James Mission Apt. 842,Khanhaven,Iowa,48851,-82.480795,84.3103505
Ryan Gilbert,70,699 Anthony Track Apt. 429,South Patriciashire,Connecticut,40954,-44.237081,-17.773823
Rebecca Durham,32,287 Taylor Alley,North Cory,Connecticut,84067,16.750835,47.4220115
Mr. Billy Harris,54,76594 Juan Port,Nancyfurt,Georgia,28747,4.923648,-58.2841895
Stephen Meyer,62,5112 Jensen Lights Suite 474,Palmerbury,Nevada,62332,14.615347,-61.496497
Devin Kirby,66,76737 Scott Ford,Kelseystad,West Virginia,20501,76.683915,-32.5392795
Mark Kelly,68,4023 Sarah Cove Suite 911,North Pamelaview,Oklahoma,94242,14.815867,54.293797
Shannon Costa,72,92505 Monica Tunnel,Petersenstad,Michigan,24267,-20.948473,-58.110745
Sarah Wilson,64,979 Joseph Plains Apt. 174,Perkinsport,Oklahoma,11514,-48.292256,54.414886
Anthony Jones,78,688 Beck Courts,North Noah,New York,50622,-89.678619,-61.611406
Pamela Wilson,69,8538 Lyons Mission,Swansonshire,Oklahoma,99395,53.030139,-33.9706355
Karen Terry,28,140 Walters Ways Suite 276,Port Douglas,Ohio,40703,80.936189,17.9658085
Maria Johnson,27,344 Hamilton Heights Suite 376,Victoriatown,Oregon,22602,-137.928783,-66.2065075
Rachel Gonzalez,66,24343 Margaret Manors Apt. 847,West Ebony,West Virginia,59110,-138.271860,-0.821696
Trevor Flores,31,940 Best Vista,Howardstad,Rhode Island,28636,133.554967,-78.613196
James Williams,65,45952 Victor Knolls,West Carrieshire,Georgia,40540,-70.602126,-45.095639
Shawn Eaton,34,458 James Inlet,South Alexis,Virginia,10610,-6.112027,-31.965978
Deborah Mcdonald,59,991 Willis Ramp Suite 824,South Sabrina,North Carolina,50946,-22.729291,-87.3952315
James Williams,42,4424 Melissa Circle,South Maria,Kentucky,91902,47.896297,69.013304
Michael Henderson,53,0651 Mason Orchard Suite 309,Nathanborough,South Dakota,64290,170.290091,73.296552
Ashley Gonzales DVM,58,83731 James Roads Suite 561,Heidiport,Indiana,41465,134.017639,12.490131
Angela Hendrix,52,1923 Timothy Parkways Suite 324,Lake Nancy,South Dakota,48504,-80.464615,-85.1362635
Shannon Mitchell,55,65395 Kimberly Greens,Donport,Alaska,61604,133.544468,-57.9544035
Julia Taylor,49,658 Michael Summit Suite 362,New Matthewfurt,Alaska,25102,175.606015,-39.0544005
Kevin White,45,803 Duncan Ramp,Michaelburgh,Colorado,66638,-110.644223,-15.857652
Kathy Hardin,47,5244 Vanessa Valleys Suite 966,Brownshire,Delaware,76394,57.262275,-74.2596965
Marcus Miller,41,4842 Cox Hollow,Ramseyville,Massachusetts,06688,-14.075716,15.7337255
Dawn Garcia,69,19879 Tim Parkway Apt. 079,South Jaclynstad,New Mexico,65832,-97.176660,10.146138
Edward Brewer,28,233 Andrea Hollow Apt. 969,West Markview,Montana,89109,92.842788,-59.6554505
Dustin Williams,56,48380 Lee Causeway Apt. 832,Carterport,Delaware,57789,15.904566,-58.733137
Brent Silva,54,42904 Hector Mill Suite 575,Kelleymouth,Iowa,52171,23.628492,10.2500285
Richard Floyd,47,710 Woods Via,Kennedymouth,Colorado,51166,-62.878599,5.720332
Vicki Williams,29,027 Susan Streets Apt. 767,Rhodesport,New Jersey,27818,147.320108,13.163645
Brooke Horn,37,585 Daryl Squares,Jamesshire,California,44912,16.842545,-75.078265
Carlos Patterson,31,71522 Melissa Mount,Ramostown,West Virginia,07554,-33.511642,59.464436
Xavier Matthews,26,96174 Erica Crossroad,East Gary,Virginia,07220,-137.958698,59.920258
Patrick Dixon,19,10318 Yang Course,Smithchester,Illinois,48070,-169.736190,13.4366625
Ashley Tate,55,648 Woods Pine Suite 791,Michaelborough,New Jersey,67288,-146.795301,24.2747775
Ann Rosario,38,506 Lori Shore Suite 561,Hayleyberg,North Carolina,86212,106.251737,-8.902530
William Jacobs,43,77613 Amy Club,Heatherbury,Nevada,88682,45.576454,18.069827
Alexis Hahn,36,785 Julie Stravenue Suite 693,Zacharyside,Alaska,92382,37.137880,80.136778
Ricky Savage,80,9448 Ho Loaf,Kathleenchester,Massachusetts,44319,-119.119663,69.4565095
Shannon Singleton,22,5647 Alexander Coves Suite 291,North Sara,West Virginia,39069,-88.934327,-9.190940
Alexandra Bell,41,50688 Walton Freeway,Dennisburgh,Arizona,81980,28.585901,49.945253
David Goodwin,23,712 Taylor Hollow Suite 883,Port Kevin,Iowa,86264,-160.949299,57.190996
Anthony Williams,25,36735 Patricia Crest Apt. 127,North William,North Dakota,77307,-72.926828,57.186504
Lynn Green,38,92895 Nicole Canyon,West Martin,Alaska,30893,-104.511753,-78.3729255
Jamie Morrison,25,84486 Miller Fall,North Shawn,Nevada,86178,-48.690098,18.6507795
Brent Rivera,73,9325 Rachel Islands Suite 576,Waltersfurt,Alaska,66988,51.745759,-81.986741
Jeanette Walters,39,75104 Pruitt Street Suite 911,West Roberta,Wisconsin,36753,152.993939,-49.047443
Jessica Rose,31,136 Clayton Wall Suite 611,Jasontown,Nevada,99261,-115.084046,-12.362573
Tracey Stewart,56,99403 Gilbert Union Suite 313,South Albert,Illinois,93484,-89.392751,-20.517373
Melissa King,32,5626 Harrison Cliff,Bryanberg,West Virginia,31038,-106.994907,77.177998
Melinda Black,34,7987 Emma Hollow Apt. 682,Davidmouth,Oklahoma,88285,151.634248,-53.4683325
Gina Cross,58,64409 Michael Mountains Suite 061,Blackwellland,Oregon,34176,37.601319,-69.942909
Edwin Wilcox,27,11670 Benjamin Radial Suite 318,East Sarahview,Alabama,42281,-142.427428,-31.515705
Sarah Johnson,54,28943 Ramos Springs,Hannahburgh,Pennsylvania,18485,137.130552,68.205531
Nancy Stanley,64,6683 Steven Heights,East Angela,Nebraska,48680,54.672728,-70.493874
Randy Weaver,66,4036 Romero Loop,Georgehaven,New Mexico,70554,77.680601,-49.552050
Stephen Garcia,62,41950 Rhodes Ports Suite 864,Port Kristishire,Montana,96291,76.965307,85.1130345
Kimberly Osborne,19,7224 Michael Rue,Ginamouth,Georgia,52039,-12.098252,45.923000
Anthony Miller,66,6090 Michelle Shore Apt. 881,North Brian,Maryland,87779,49.912682,-81.986326
Wendy Shaw,56,60156 Sullivan Ford,Port Willieshire,Colorado,71603,-135.766628,-55.391432
Zachary Tucker,30,7681 Paula Trail,Port Adam,Mississippi,86452,-53.281991,-76.9064835
James Houston,48,7028 Ford Pike Suite 460,Jilltown,Virginia,43000,-145.644049,44.5673145
Robert Rosales,64,7264 Garcia Meadows,Elizabethside,Montana,04649,-135.527546,21.6469635
Gregory Huffman,54,04953 Donald Springs,Gutierrezville,Vermont,13852,-42.833834,-0.0231975
Jamie Patrick,27,675 Miles Ports Apt. 135,North Morgan,Delaware,13520,135.419122,89.1016825
Ariel Wilson,54,654 Raven Cliff,Hallview,Maryland,83074,148.883545,89.9797385
Holly Williams,48,148 Brittany Circles Suite 277,Jessicatown,Hawaii,20998,174.209798,53.854399
Kayla Fernandez,55,4682 Adam Throughway,Jessicaland,Nevada,15490,-146.172710,-50.061278
Sara Lucas,31,161 Benjamin Land,South Joannfurt,Washington,58000,129.594639,84.706065
Brian Rose,26,82892 Mark Lock,Mcclureville,Virginia,02412,73.993344,-14.413836
Joshua Rice,23,026 Miller Crossing,South Peter,Minnesota,84501,-130.888842,79.948506
Mary Perez,77,01941 Alvarado Shoals,Davisfurt,Massachusetts,31683,162.540007,27.882591
Shelley Rose,43,099 Cummings Islands,Deanburgh,West Virginia,77495,76.248955,84.8407315
Robin Reynolds,78,574 Robert Pines Suite 524,Blackberg,Alaska,10288,18.039209,40.7995825
Mikayla Henson,28,489 Brown Isle Apt. 591,South Samuelfort,Minnesota,12913,94.184489,10.937934
Dawn Boyle,55,7326 Scott Stravenue Apt. 506,West Alisonborough,Minnesota,88087,78.381730,5.659277
Walter Luna,45,530 Young Manor Suite 363,New Meganshire,Wisconsin,62041,-67.240298,-0.0709115
Melissa Summers,67,556 Barr Brook Apt. 578,Brittneyside,Alaska,16680,-62.400903,47.2767875
Shelia Reynolds,31,9459 Wright Circle Apt. 084,West Tiffanyview,Kansas,57824,131.495534,-46.452876
Amber Bates,33,86695 Peterson Islands Apt. 414,Simsmouth,Virginia,57503,164.242243,35.361094
Ralph White,21,7443 Rodriguez Keys Apt. 560,Jessicastad,New Mexico,59034,14.169383,68.5947095
Emma Bowman,79,70905 Brenda Flat Apt. 172,Elizabethstad,Texas,79704,37.382620,-9.0300025
Tara Martinez,42,412 Judith Ports,Reynoldsbury,North Carolina,02331,91.838868,-55.9768355
Christopher Alexander,78,89854 Davis Glen,Lake Traceymouth,West Virginia,73026,38.753008,71.9442585
James Campbell,23,330 Tonya Radial Apt. 273,Justinbury,Missouri,31833,-144.636620,18.9878135
Brittany Peterson,71,878 Baker Roads,Candacebury,Indiana,74132,-51.144281,29.014276
Ashley Robinson,44,26186 Ballard Tunnel Suite 039,Port Randymouth,New York,34091,99.475673,58.6970355
Timothy Richardson,26,456 Paul Spurs,East Cassietown,Arkansas,89629,-15.409922,19.0555525
Abigail Berry,77,2478 Spears Parkways,Williamfurt,Indiana,98353,115.970504,9.063838
Jason Greene,39,240 James View,Mikefort,Tennessee,13265,111.763608,-10.3859265
Randy Oconnell,73,18243 Lauren Spring Apt. 487,North Lindachester,Virginia,47101,-43.004822,82.9958675
Daniel Moore,38,3525 Crystal Oval,Jonathanton,Montana,52031,59.135187,47.838966
Samantha Rodriguez,37,009 Stephenson Street Suite 060,Alexanderbury,Kentucky,80877,69.838066,65.2499395
Erin Diaz,22,86252 Vasquez Roads Apt. 134,Lake Kristina,North Dakota,98933,175.345530,59.516861
Kathleen Scott,62,522 Blackburn Path,Johnmouth,New Jersey,25441,20.720800,75.1026925
Wanda Jenkins,32,9401 Williams Divide Suite 370,Alexanderview,Minnesota,72891,-50.289525,-46.7632615
Margaret Lozano,74,283 David Corner,Lake Jeffrey,Wyoming,25634,125.858299,-85.5922835
Tamara Cannon,64,054 Farrell Road,Lake Cynthiaville,Oregon,34018,-149.566712,-50.9822455
Jacob Thompson,79,06067 Wright Heights Apt. 673,Michaelfort,New York,19704,-63.767115,-28.9547465
Caleb Mcdonald,36,156 Kevin Trail,Cherylton,New York,08461,57.208068,-1.532787
Kirk Hodges,42,01975 Lisa Loaf,West Ann,Vermont,72248,-63.117964,-2.6829415
Cynthia Ramirez,65,74790 Keith Ports Apt. 446,Fieldsville,North Dakota,56502,-80.666777,-45.3446435
Kristina Diaz,29,8574 Hall Crossing Apt. 355,Lake Benjamin,Washington,48538,82.111162,85.8578825
James Black,47,897 Murray Grove Apt. 114,South Ericmouth,Rhode Island,07453,0.422518,-80.419384
Michael Dalton,37,943 Travis Gateway,West Timothy,Minnesota,30067,173.931350,-38.373751
Joseph Mcneil,51,058 Richard Track Suite 679,West Laurieburgh,Nebraska,55759,176.588400,-29.817901
Steven Howard,58,580 Kara Island Suite 012,South Melissamouth,Iowa,39030,-166.652303,79.918676
Kevin Nguyen,79,243 Buckley Circle,Stephaniefort,Mississippi,53736,-164.092450,-79.443255
Joseph Ellis,21,41137 Stacie Glen Apt. 837,East Terrimouth,Texas,63918,-177.782383,37.858985
Adam Young,69,58340 Jeanne Manors,Jacobsmouth,Massachusetts,34404,-15.715162,-4.315299
Michael Stewart Jr.,71,439 Trujillo Land Suite 885,Lake Christopherhaven,Massachusetts,64016,69.832025,47.496791
Jasmine Graves,61,2183 Kimberly Courts Suite 743,New Carlaborough,Colorado,73651,-8.571644,16.175095
Lisa Chaney,55,00184 Johnson Wells,Benjaminborough,Rhode Island,04234,121.299949,7.082248
Chad Jones,26,38661 Jenkins Point,Lake Karen,North Carolina,59590,133.386605,61.6397995
Nicole Lindsey,30,35795 Anna Spurs Suite 908,New Amandabury,Mississippi,55677,125.068583,75.077167
Matthew Brennan,18,8698 Shelton Throughway Suite 824,New Kariville,Rhode Island,50411,150.715632,34.7462785
Kari Obrien,23,588 Krista Well Apt. 021,Amandamouth,Oklahoma,88045,131.643343,-28.376925
Justin Morris,32,47885 Johnson Skyway Suite 101,Alexanderton,Alabama,17120,-168.284513,-59.2279935
Jonathon Williams,61,422 Wheeler Manor Suite 318,South Sarahchester,Colorado,97230,-172.492776,-39.1186195
Tina Woods,73,72639 Kelley Alley,Jeffreyburgh,New Hampshire,10326,40.648367,-60.8597385
Sydney Swanson,65,0437 Roman Ports,Yoderfurt,Michigan,07437,-40.088722,-40.1575405
Michelle Adams,44,359 Underwood Trail Suite 388,Moodymouth,Virginia,81577,-48.058568,11.3713155
Kathleen Tanner,76,27215 Marvin Motorway,East Debrachester,Ohio,07962,73.486239,-49.9078405
Christopher Brown MD,43,16141 Clark Prairie,Port Aaron,Louisiana,85101,49.800875,46.9218655
Edward Baker,66,557 Price Ports,North Raymond,Colorado,52371,108.660824,-11.1467555
Jill Warner,22,9778 Ramos Loop,South Michael,Connecticut,73387,-79.918846,-87.9515135
Rachel Roberts,55,83326 Jessica Station,Robertmouth,South Dakota,96126,-96.858241,-3.1404685
Thomas Frederick,21,72019 Wilson Heights Suite 996,West Susanborough,Nebraska,23824,150.313688,55.5111395
Margaret Baldwin,62,7991 Thomas Mount Suite 825,Port Wendy,Iowa,56068,60.073435,-89.881218
Jo Jones,19,1375 Hart Mountains Apt. 291,New Crystal,Connecticut,75465,-69.973514,-55.753935
Christopher Williams,37,23656 Bryan Place,Russellmouth,New Hampshire,76349,-37.729147,13.8201245
Peter Galvan,21,55982 Nichols Turnpike Apt. 655,Lake Joseborough,California,96068,143.824301,-50.3831565
Thomas Levy,63,70838 Fuller Mountains,Amberfurt,Wyoming,29693,-103.769734,-55.1488875
Lisa Lopez,60,491 Susan Pines,Vincentport,Texas,67562,-123.814071,-44.7502625
Mariah White,71,618 Krause Wall,South Kevin,New Hampshire,62470,48.367396,-17.2565805
John Mitchell,27,1229 John Vista Apt. 650,Brianville,Colorado,17885,-141.366571,38.852863
Danny Lara,75,5120 Eric Port,Kimberlyville,Illinois,09035,-53.268247,-87.691236
Cathy Wolf,26,77120 Guzman Drives,South Tiffany,Montana,63155,122.846177,-49.880242
Carrie Pearson,56,7013 Melissa Alley,Spencertown,New York,45741,174.196301,-49.0278875
Brendan Howard,54,0196 Alicia Burg,Cooperport,Idaho,80983,-46.966535,73.6248815
Gregory Diaz,71,3690 Chelsea Inlet,Cynthiaberg,West Virginia,92118,-174.098094,-29.641297
Rebekah Mcgee,63,19875 Daniels Radial,Espinozaton,New York,21911,-34.358369,17.082512
Alan Murphy,68,40724 Anthony Mills,Laurabury,Montana,79888,-0.290132,-64.747118
Laura Pitts,51,803 Nicholas Ports,Lyonsbury,Indiana,42004,13.381240,-27.249465
Todd Hernandez,39,275 Sawyer Forks Suite 648,Jimenezton,New Mexico,72988,-133.906452,61.7103995
Alicia Jones,30,71370 Smith Path,Brooketon,Maine,15452,54.937128,-28.554542
Steve Beck,72,2312 Reynolds Villages Suite 008,East Brandonchester,Florida,83796,-111.571663,-89.9577545
Jonathan Andrews,36,048 Katherine Stravenue,Port Jessica,North Dakota,24540,-48.616524,-21.6597095
Nathaniel Mercado,35,17550 Stephanie Streets Suite 354,Morganbury,Pennsylvania,79531,89.781137,-39.158319
Stacy Randolph,45,28334 Jesse Alley,Nathanielhaven,Illinois,82122,146.514850,-4.738446
Thomas Sanchez,58,9247 Jackson Green Suite 683,East Cynthiashire,Maine,28166,22.897226,27.1555725
Ashley Brooks,38,9228 Escobar Crest Apt. 217,South Kellitown,California,65104,-144.630227,26.3098845
Edward Roach,48,9192 Ashley Highway,New Williamfurt,Alaska,07504,22.204289,9.766594
Jessica Holt,18,387 Davis Bypass Suite 950,Rogerstad,South Carolina,75194,71.981389,26.107006
Joel Nelson,76,817 Barnett Creek Suite 720,New Josephtown,Missouri,74768,161.626475,67.527489
Willie Cunningham,68,890 Randall Plains Apt. 442,Claudiaborough,Utah,28102,19.584094,-15.793527
Jessica Turner,64,07115 Robert Shore Suite 522,Taylorfort,Wyoming,52782,-171.348215,54.432516
Amanda Rhodes,76,046 Rose Brook Suite 619,West Stephanie,Mississippi,02007,52.961207,-39.6475145
Matthew Price,66,64500 Jennifer Summit Apt. 331,Gutierrezshire,Nevada,42545,-126.846244,69.9097255
Christopher Walker,49,6264 Johnny Corners Apt. 434,Ricardoville,South Carolina,38064,103.962739,27.339332
Yolanda Ochoa,59,608 Warren Villages Suite 130,Martinton,Minnesota,87573,4.484733,-16.389149
Brandon Hall,68,17290 Frazier Drive,West David,Florida,87733,-121.907929,58.437067
Jennifer Burns,32,874 Jessica Fork,East David,Connecticut,04785,122.662558,-58.152572
Thomas Castaneda,63,647 Paige Summit Suite 528,South Johnbury,Utah,54712,-177.395648,-15.380233
Tina Mcknight,27,236 Kent Courts Apt. 678,West William,California,44537,-118.045274,61.240009
Jeffrey Glenn,48,109 Olson Stravenue Suite 523,South Jillianland,South Dakota,69201,166.139959,-60.106489
Lisa Yoder,28,341 Jeffrey Park Apt. 815,East Jenniferport,Massachusetts,50559,51.950980,61.0684165
David Miller,69,6134 Hampton Fields,Lake Robertborough,Florida,59878,-59.269186,-2.252763
Randall King,80,78935 Cox Mountain Apt. 571,West Thomasborough,Wyoming,15453,140.656442,-61.8941985
Regina Sanders,40,949 Jose Roads,Ericberg,Wyoming,23164,175.926804,-48.809761
William Chen,68,731 Armstrong Union Suite 766,Port Jennifer,Indiana,00831,-96.714274,63.9661365
Jerry Aguilar,42,73728 Alvarado Summit Suite 380,South Barbaratown,Alabama,07039,35.822463,-23.3148605
Grant King,30,85907 Gonzales Landing Apt. 255,North Kayla,Iowa,86106,-179.138363,65.6640075
Daniel Khan,64,865 Goodwin Plains,Hamiltonberg,South Dakota,14616,40.841538,-84.180716
Roy Sanchez,79,13155 Andersen Neck Suite 823,South Leahborough,Nebraska,49955,36.812403,18.0166585
Christopher Lewis,50,84650 Melissa Dale,North Marie,Georgia,31385,174.092047,-14.799171
Tina Morgan,75,2601 Diaz Court,East Robertchester,Connecticut,47196,179.668626,-10.249925
Rebecca Johnston,22,962 Flores Streets Suite 183,Brownview,New Hampshire,65978,-13.829515,44.377449
Kevin York,36,0906 Beck Point,Port Stevenland,Arkansas,67270,138.741103,19.237549
Aaron Taylor,62,55255 Hall Ville,Thomasborough,Nevada,09989,-107.937900,85.553061
Eugene Huang,75,0570 Brown Ridges Apt. 834,Larsenberg,Kentucky,85546,-145.515577,56.250100
Timothy Long,44,3966 Best Trail Apt. 789,Veleztown,Kansas,85941,-128.129033,69.280612
Cynthia Douglas,49,7072 Rush Spurs Apt. 574,Figueroamouth,South Carolina,64978,-159.501482,35.2046975
Kenneth Castro,30,2605 English Walk Suite 245,Lake Calebview,Massachusetts,93145,92.725088,-15.033131
Erika Melton,78,96599 Kelli Spur,Snyderside,California,32224,8.056664,23.2022615
Steven Robinson,62,47344 Wilson Glen,Shirleymouth,Louisiana,03535,120.654479,-8.421757
Jose Hall,24,12241 Sherman Isle Apt. 945,South Suzanne,Texas,72573,167.858294,24.7045205
Mark Anderson,28,3956 Samantha Courts,Montgomeryhaven,Wisconsin,76901,-129.927959,19.594271
Ryan Rodriguez,70,090 Dominique Knolls,Erikaborough,Kansas,40953,23.024194,10.836168
Matthew Best,59,09071 Jeffrey Common Apt. 825,New Crystalview,Oklahoma,15027,52.951150,67.6953575
Ronald Wood,60,256 Kelsey Valleys,New Evelyn,New Mexico,68041,120.177445,28.748624
Daniel Cox,19,57790 Geoffrey Ford,Port Austin,Florida,35141,6.628727,64.9201105
Brandy Gibson,30,05687 Bradshaw Greens Suite 293,Lake Kennethville,Washington,27290,-144.380756,20.9064335
Terry Lopez,20,80644 Andre Common Suite 169,Wallacehaven,Arizona,68977,18.755529,-87.604090
Luis Johnson,20,82615 Rodriguez Crest,New Sara,Massachusetts,41035,106.647135,29.6543485
Jennifer Hill,64,99059 Sullivan Dam Suite 091,Sotochester,Nebraska,68321,82.028888,-59.0516445
Rebekah Mcguire,49,4946 Samantha Views,North Cameronmouth,Massachusetts,35870,174.282773,-81.3974205
Melissa Townsend,70,234 Diaz Pass Suite 584,North Catherine,Maine,60007,173.167508,31.3597875
Zachary Mccoy,67,751 Christian Extensions Apt. 927,Andrewland,Missouri,42715,81.864135,-41.683833
Norman Merritt,32,34992 Wilson Grove,Port Sandra,Illinois,83273,-163.096018,32.952143
April Ashley,47,056 Barnes Parks Apt. 239,New Jameshaven,Wyoming,38535,44.540030,23.6743185
Russell Smith,57,4418 Rose Roads Apt. 544,Flowersmouth,Utah,68361,66.626105,44.3302545
David Shea,49,68995 Darius Tunnel Suite 210,Emilychester,Maine,43888,154.017156,-11.444030
Robin Smith,33,0353 Miller Stravenue Suite 744,Lake Jim,North Carolina,24648,128.025999,35.0920665
Tracy Cook,23,530 Dixon Lodge,West Joshua,Virginia,46699,-12.132285,57.245918
Katie Kelley,62,6835 Lorraine Shoals Suite 784,North Erica,Hawaii,44197,139.108994,-31.855883
Sandra Mills,21,216 Watkins Rue Apt. 108,Barnettland,New Jersey,12031,173.456055,47.8476475
Richard Taylor,39,330 Dennis Vista Apt. 384,West Raymondtown,Kentucky,36972,-46.826507,35.4919575
Courtney Swanson,79,3490 Robert Pine Apt. 714,Andersonport,Arizona,90116,146.451466,-24.392308
Brenda Landry,64,571 Taylor Roads,North Audreyview,Texas,08566,83.304709,-8.172599
Charles Simmons,61,0054 Robert Drives Apt. 047,Susanville,Vermont,38739,101.306989,-7.5317455
Scott Bauer,66,179 Jones Ford Suite 576,Timothychester,Nebraska,57820,-179.890796,88.0263045
Lisa Nicholson,32,772 Day Underpass Apt. 876,West Edwardport,Mississippi,60023,-131.521799,73.033808
Robert Gilmore DDS,39,2209 Clayton Street Apt. 367,North Kiaraberg,Tennessee,87939,-19.967570,75.437377
Linda Santiago,77,16713 Marks Brook,Paulaburgh,Indiana,35757,115.104642,-35.9912115
Manuel Thomas,76,69118 Dennis Wall Apt. 678,East Derrickside,Wisconsin,77599,-113.285465,-28.4737925
Jennifer Clay,40,07125 Amy Lock,Isaacmouth,Maryland,23558,105.744769,37.647289
Robert Pena,50,957 Sarah Burgs Suite 162,East Michaelview,Kansas,03575,-86.730571,81.8520065
Hunter Pope,75,97786 Wheeler Villages,Kevinfurt,Alaska,04109,92.938396,-54.830461
Keith Garrett,61,393 Daniels Mall,North Carmen,Kentucky,98618,-144.951430,40.1751095
Julie Duran,62,867 Potts Trace,Julieberg,Indiana,78392,-43.872896,-38.5257495
Brandon Powell,61,01838 Johnson Port,Wilsonchester,Virginia,13485,87.754336,-1.4395365
John Hurst,25,12648 Garcia Shores Apt. 454,Downschester,New York,71250,-43.346219,-1.320085
Katherine Walker,59,8476 Saunders Plaza Suite 853,South Benjaminhaven,Maryland,67327,-145.933876,5.9878375
Mark Bryant,66,591 Hunt Cape Suite 534,West Ericastad,Virginia,05963,-143.853535,-87.5586055
Jeffrey Dean,78,4685 Ashley Views Apt. 221,New Ashley,North Dakota,94600,-66.620621,64.014393
Cory Green,43,1755 Mark Highway,Brianmouth,New Jersey,61643,67.830681,74.781642
Derek Barnes,39,3484 Kristen Valleys Apt. 199,Lake Zachary,Kansas,91233,168.254397,53.246536
Lindsey Paul,34,33829 Gonzalez Roads,New Yolanda,South Dakota,96953,-170.806446,-48.2116845
Derrick Berry,20,393 Hamilton Fall Suite 594,Garciaborough,Kentucky,59638,79.669354,-3.9885435
John Vargas,35,1526 Leonard Prairie,North Lesliestad,Georgia,02972,-151.441182,-46.4020375
Joe Richards,77,491 Sanders Ranch,Christophermouth,North Carolina,87966,100.055956,-41.3329125
Samantha Gray,51,4592 Peterson Prairie Apt. 718,Lake John,Indiana,92342,6.250121,14.008514
Natasha Cantrell,36,845 Fuentes Passage Suite 135,Port Katelynchester,Arkansas,03090,-42.350793,86.430246
James Brown,67,64285 Bryce Stravenue,West Elizabeth,Idaho,07657,44.964917,44.7415865
Robert Bryant,55,1045 Martin Loop Suite 520,Nicholsonport,North Carolina,02749,-55.131311,-74.216306
Ashley Hall,46,6767 Watkins Turnpike,Lake Jordan,Pennsylvania,06630,142.104269,79.4261795
Brooke Edwards,46,5364 Wade Trail Suite 872,Lake Rodney,Delaware,96944,129.701520,3.767365
Erica Todd,38,551 Mindy Mills,Nicoleshire,Ohio,82771,-46.271255,-31.543419
Natasha Howard,54,540 Chen Lights,Lambertland,West Virginia,94181,-125.653720,-53.999521
Suzanne Hernandez,71,06440 Santiago Light Suite 550,Jonestown,Connecticut,24719,173.904278,59.300466
Megan Sparks,20,99118 Randy Tunnel,Bellport,Idaho,22676,51.631809,-66.091443
Laura Rogers,25,10442 Garcia Isle Suite 126,Duncanmouth,Iowa,28656,73.294305,64.328523
Karen Ritter,46,08056 Lewis Rapids,Port Codyton,Wyoming,44090,-142.541145,50.2663855
Ashley Brooks,22,602 Harris Rest Suite 699,South Travisfort,Connecticut,71041,163.276763,-19.4636365
Heather Fernandez,34,0420 Tami Landing Suite 157,Lake Brenda,Alabama,14677,-32.706346,-55.159277
Brandon Kelly,35,3129 Ryan Rue Suite 369,New Jessicatown,Mississippi,72195,78.961713,49.139943
Eric Woods,72,23662 Tommy Gateway Apt. 037,Port Megan,Kansas,79801,49.701639,-88.1440295
Christopher Walker,31,38836 Dorsey Place Suite 657,New Michellechester,North Dakota,13849,170.284868,49.1024895
Jerry Daniel,58,4506 Rachel Course,Jessicastad,Arizona,58930,153.239393,61.294897
Angela Palmer,31,08352 Damon Plain,Amandafort,Illinois,39532,3.805182,-18.340207
Maria Hardy,40,943 Deborah Manor Apt. 526,North Teresachester,Massachusetts,63817,110.839895,25.8777265
Alexander Hunter,61,02663 Smith Parks Apt. 389,East Troyview,Wisconsin,46874,90.027670,46.8605455
Joshua Thomas,71,8540 Danielle Flat,North Rhondachester,South Dakota,40145,-151.861784,-39.4176615
Cynthia Vega,61,547 Jennifer Springs Suite 297,Blackburnfort,Tennessee,29520,-85.933524,-19.538992
Peter Hicks,57,5636 Jeremy Turnpike,Lake Alexis,California,67734,26.626894,-39.103345
Theresa Li,76,561 Calderon Junctions Apt. 618,Greenton,Mississippi,56292,-44.882820,11.6641065
Brian Brown,21,49147 Morris Fall,Barbarafort,South Dakota,21728,99.566710,17.4364025
Dawn Hughes,68,60781 Rebecca Rest Suite 890,Lake Maria,Utah,49281,52.890457,31.7617155
Robert Wallace,22,63425 Susan Villages,Tonyaview,Georgia,04205,-124.347982,-32.571616
Jerry Mills,71,46420 Heather Road Suite 665,East Jessica,Alabama,06405,101.732907,80.317922
Angela Jones,75,9504 Ali Crossing,West Virginia,Pennsylvania,40230,-33.392573,67.365545
Brianna Gonzalez,51,71289 Lee Fork Suite 697,Port Kyle,Florida,41017,140.881785,42.336660
Stacy Jones,34,940 Crystal Motorway Suite 244,New Lauratown,North Carolina,99139,-79.166363,-49.927527
Barbara Wiley,59,7121 Burnett Lodge,North Rebecca,Virginia,11151,23.148622,81.042830
Gabriella Stark,25,4929 George Hills,Teresaland,South Carolina,93943,59.947899,-35.8933075
Lindsay Williams,24,4181 Howard Station Suite 404,Martinezborough,Utah,84700,-1.493230,-55.317239
Kevin Smith,53,185 Suzanne Knoll,Ginaberg,Iowa,71524,112.689217,-60.121925
Danielle Werner,73,248 Jacqueline Divide Suite 132,Lake Brian,Washington,38101,81.514628,-33.0682455
Daisy James,72,52890 Margaret Viaduct Suite 091,Evelynchester,Massachusetts,75594,-58.762623,-56.561242
Travis Cowan,75,4234 Maria Shoal,Davidshire,Wisconsin,65822,86.699536,17.2001185
Nancy Mcdonald,40,60455 Robert Springs Apt. 041,North Jimmychester,Washington,34297,134.356264,10.098266
Karen Hendricks,44,6813 Michael Glen,West Patrickstad,Missouri,12067,-61.995369,-75.2200115
Matthew Levine,78,141 Cooper Ville,Lake Jeremyport,South Dakota,38501,-61.341224,11.6620135
Gary Garcia,31,63853 Davis Prairie,Donnachester,Washington,42944,-128.784951,42.867019
Toni Morris,23,4897 Ashley Fork,East Emilymouth,Minnesota,50757,-172.546641,86.8420055
Katherine Barnes,32,1388 Emma Radial Apt. 443,Wrightview,Alaska,12874,-95.601504,-1.584047
Desiree Miranda,27,8752 Mary Squares,Adammouth,Iowa,76798,106.128201,-6.158013
Mr. Trevor Gray,73,95698 Nelson Drive,Port Josephstad,Maryland,20353,-167.189885,-14.838482
Tina Davies,24,91312 Pamela Mountain,Gregoryfurt,Georgia,05179,-82.486566,-76.703795
Stephen Hartman,46,6574 Romero Street,Wilsonfort,South Carolina,07796,-96.339181,63.9510705
Cheryl Fletcher,37,724 Nicholas Lock Apt. 378,North Tanner,Alabama,94226,125.424923,-43.2012125
Randy Smith,28,971 Ross Unions Apt. 585,Lake Ernestberg,Kentucky,03826,138.978483,46.984925
Christopher Benson,73,5824 Matthew Spring Apt. 884,Transide,Rhode Island,60079,-88.024570,-45.5756365
Wesley Smith,74,565 Jackson Rapids Apt. 906,Tracyland,Massachusetts,41155,158.945333,64.920863
Brenda Clark,67,9711 Alejandro Pine,Kevinberg,Maine,70677,71.332132,32.765204
Marie Black,66,4466 Kevin Expressway Suite 939,Port Clayton,Minnesota,88902,-63.813037,-59.7774685
Kevin Moore,26,159 Russell Walk Apt. 408,Lewisville,Utah,72156,-45.747116,33.911051
Benjamin Williams,50,891 Huff Center Suite 804,Schneiderbury,New Mexico,19817,163.426974,58.4818265
James Phillips,59,48429 White Forest,New Alexanderport,Pennsylvania,57435,11.578835,-49.0932475
Kayla Meadows,18,4980 Dale Keys,West Terrybury,Arkansas,38594,2.319593,83.533599
Rodney Garrison,31,815 Michele Greens,Angelaland,Nebraska,85482,89.958768,68.470806
Jennifer Berger,18,1797 David Points,Maryburgh,Alabama,02163,-178.398690,83.2125175
Bobby Tran,51,96877 Brandon Dale Suite 264,New Ann,Oklahoma,86805,-57.651603,-87.9228555
Erin Diaz,70,9813 Christian Road Suite 750,Jodiview,Maine,32852,-28.754058,-9.376502
Sydney Parker,45,84521 Brian Summit Apt. 963,New Ryan,Minnesota,41922,17.541755,-3.264303
Carrie Holmes,30,2083 Pena Port,Lake Tyler,Alaska,45535,124.618238,33.5399615
Robert Bradley,67,5573 Steven Inlet,Andersonmouth,South Carolina,90961,62.406604,23.522908
Alejandra White,24,128 Michael Mountains Apt. 037,Johnsonside,Illinois,56982,-6.544406,35.825879
Marcus Burke,21,82382 Diane Locks Apt. 637,Baileymouth,Pennsylvania,60935,-18.692431,34.177503
Randall Stephens,55,518 Robert Plains Apt. 660,Ralphport,Hawaii,63349,-137.233636,40.774838
Tara Benson,60,156 Laura Square,West Maxwellside,South Carolina,60431,-53.540471,38.5905035
Ellen Morris,22,37552 Williams Mill Apt. 413,New Angela,Nebraska,96841,74.868247,34.1299875
Matthew Mcdaniel,72,5013 Cody Spurs,East Richardport,Texas,65925,39.832319,70.259861
Rick Blanchard,71,5678 Love Park,Mccoyville,Oregon,09270,-163.066092,-39.3127815
Eugene Scott,28,4943 Parker Heights Apt. 267,Port Nancy,Delaware,52367,57.133709,-37.458222
Isaac Jackson,56,582 Brandy Falls,West Christophershire,Florida,04674,-65.438833,-60.079461
David Smith,44,915 Cabrera Causeway Apt. 371,West Michelle,Alabama,62620,109.241288,70.695293
Amanda Reed,28,40637 Melissa Wells,Lake Zachary,Wisconsin,88418,-141.539946,-57.8515305
Tonya Bender,47,40439 Michael Tunnel Apt. 718,Christopherstad,New Mexico,03723,159.605121,41.901860
Nicholas Soto,69,61223 Austin Falls Suite 272,East John,Maine,70365,98.038585,6.4763785
Justin Park,71,5825 Rodriguez Street Suite 029,Port Jerry,Rhode Island,94409,-169.219894,-73.7175615
Catherine Scott,48,626 William Ridge Suite 397,Port Kimberlybury,North Carolina,67790,128.983258,-19.9874895
Lisa Terrell,65,51923 Ayala Wells Suite 448,Andersonborough,Iowa,67080,-85.716786,-87.5839705
Larry Murillo,69,581 Thomas Prairie,North Kristinaville,Tennessee,43254,43.161972,73.698582
Julie Dennis,60,975 Baldwin Gardens,New Allison,North Carolina,29044,66.285394,24.7557505
Monica Green,66,80792 Thompson Locks Apt. 433,Frankfort,Maryland,23678,-84.408877,61.072385
Larry Lowe,73,5941 Stephens Forge,Lake Karen,Utah,72203,149.548400,77.5512525
Brandon Smith,28,634 Nicholas Mountain,West Edwinstad,New Hampshire,60038,132.998346,-6.554668
Jose Horn,33,0739 James Prairie,Lake Philip,Florida,01807,-5.549236,-85.1436605
Evelyn Martinez,50,5697 Anthony Burg Suite 764,Mcconnellhaven,Wyoming,63929,55.206077,60.050167
Tanner Lynch,30,164 Nelson Freeway Suite 881,West Justinburgh,Hawaii,50463,89.730514,-26.6753495
Sharon Eaton,51,25304 Horn Street,Port Christinastad,West Virginia,47148,119.073365,-16.974597
Kathy Parrish,22,1029 Liu Ranch Suite 034,Kevinside,Minnesota,73622,98.868719,-68.2309695
Tina Allen,78,013 Garcia River,Jonesbury,Tennessee,60423,155.623300,89.8712855
Chris Fields,76,63066 Teresa Passage,Wrightchester,Illinois,59488,-58.796252,-50.6374625
Dr. Chad Garcia,62,73423 Lisa Ridge,Collierton,North Carolina,24227,9.382677,-77.153486
Laura Mahoney,29,003 Perez Springs,South Lisaville,Oklahoma,18658,-175.106467,5.652776
Cynthia Zavala,42,49409 Oneal Locks Apt. 624,Smithport,North Carolina,11517,-42.273536,-14.335782
Stacey Harding,56,87779 Karen Views,Lake Sara,Mississippi,39642,107.668903,-49.6199845
Michael Abbott,46,990 Robert Ports Suite 432,Jenniferbury,Georgia,52458,120.209978,19.7202645
Mrs. Andrea Wright DDS,68,272 Macdonald Mountain Suite 830,New Stephenland,New Mexico,33805,106.890074,-69.2520575
Sally Sutton,39,022 Jennifer Manors,Maureenhaven,Kansas,42819,177.467214,-1.984596
Michael Sullivan,38,955 Rebecca Station,North Angelaville,Iowa,48739,-154.385322,20.947358
Jeffery Mcdonald,27,33907 Julie Bypass Apt. 765,Doughertybury,Georgia,22541,-162.400296,-7.400794
Ryan Perez,43,10123 Jared Lakes Suite 300,East Emily,Maine,92979,-95.322787,-10.1868465
Jacob Mendez,67,1847 Smith Path,North Vicki,Michigan,70800,23.934565,69.1043965
Jill Mckinney,41,7166 Raymond Cliffs Apt. 804,South Matthew,Nebraska,09495,87.831444,-78.272291
Vincent Bautista,71,775 Gibbs Mission Apt. 515,East Cameronchester,Arizona,18591,-25.026889,16.7685095
Steve Henderson,57,68971 Jonathan Row,Jamesville,California,45201,-164.919336,-18.6387835
Gary Fuller,62,470 Saunders Mews Apt. 054,North Leonville,Texas,52361,173.893285,-84.6596665
Nancy Morales,50,01407 Thomas Passage,Port Corey,Maine,59305,111.074230,35.823157
Matthew Miles,80,0344 Sutton Falls Suite 692,Reginabury,Wyoming,52607,-164.808796,35.204600
Lori Griffith,67,7723 Rodriguez Grove Apt. 225,Stephensonstad,Montana,48444,118.583669,18.3848505
William Coffey,35,255 Theresa Turnpike,Shepherdton,Pennsylvania,32349,-32.760737,-65.436540
Dr. Rachel Pineda DDS,39,13067 Michael Green,North Phillip,Oklahoma,57923,105.325430,-63.216390
Brian Houston DDS,43,93608 Robert Summit,East Jeremyville,Maryland,36957,-100.970248,52.4890465
Michael Mcclure,31,063 Daniel Valley,Michaelmouth,Connecticut,05834,-72.848896,87.839026
Travis Santos,55,399 Peck Isle Apt. 415,Yvonneville,Kansas,34180,152.418356,-15.0061655
Kelly Barry,18,6625 Woodard Courts Suite 885,Danamouth,Oregon,20496,89.505125,-23.211988
Victor Michael,68,89832 Brandon Lake,East Kevinview,West Virginia,49461,-125.945270,-1.7747935
Patricia Brown,42,855 Ruiz Harbor,Tamarashire,Wyoming,82927,-129.930936,-77.341341
Jennifer Flores,46,78978 Paul Isle,Lozanoport,Wyoming,12017,141.810473,-25.982330
Dr. Matthew Obrien,18,41387 Berry Drive Apt. 981,Woodardtown,California,30257,73.131060,21.8675805
Corey Williams,61,99753 Michael Isle,Jeffreyshire,Delaware,85574,146.557455,-6.5649485
Lisa Caldwell,28,3874 Robert Plains Apt. 718,Timothyland,Maryland,62624,67.065298,28.310559
Dana Ford,76,06541 Sheila Key,North Christopher,California,20125,47.512585,-58.546042
Kendra Henderson,39,6183 Ana Views,Rossborough,New Jersey,14232,-23.976570,66.6292155
Carl Allen,71,649 Christopher Corner Apt. 367,East Mia,Iowa,68053,93.419844,43.369369
Shawn Zhang,22,079 Amanda Canyon,South Gavin,Nevada,09234,-173.092799,13.0181905
Nicole Anderson,49,75003 Michelle Extensions Suite 383,East Evelyn,Colorado,13217,-115.644419,53.1644745
Lauren Munoz,43,9045 Thomas Trace,Robertberg,Nebraska,62446,61.970114,-19.446389
Mr. Mike Young DDS,78,5044 Matthew Village Apt. 753,Damonborough,Maryland,67183,142.631065,44.0973545
Matthew Rhodes,34,203 Lawrence View Apt. 396,Williamsshire,Kentucky,15277,53.696613,4.693391
Tracy Donovan,75,72251 Amy Flat,North Jeffburgh,Utah,95542,-145.355179,13.7980825
Raymond Berry,38,0459 Jones Mission Apt. 454,Charlesfort,Maine,15424,-133.849946,-69.847445
Kathryn Mcclain,50,596 Kristen Island Suite 042,Emilyfort,Wyoming,66748,-80.468775,47.402782
Erin Smith,60,659 Ramirez Junctions,Briannamouth,Hawaii,40864,133.229652,79.0327435
Paul Lowery,42,797 Archer Point Suite 851,West Nicholasbury,Michigan,16553,5.804000,-60.981542
Jonathan Hall,60,66922 Ryan Club Apt. 086,Millerfurt,Virginia,70938,162.648649,13.221922
Jesse Alvarado,48,679 Kelli Road,New Mirandatown,Michigan,23734,-174.512518,74.1074575
Maria Torres,71,735 Virginia Street Apt. 275,West Brianhaven,Nevada,89376,176.107498,3.0140675
Dr. Melissa Mullins,60,67191 Pratt Shoals,Ericksonmouth,Michigan,21934,-153.511392,80.661294
Christine Foster,43,267 Turner Roads,Patelton,Maryland,75373,5.764058,-63.3703385
Roberto Burton,69,797 Debra Coves,Lake Joshuaport,Arkansas,09818,-168.051703,87.957299
Theresa Mccullough,26,610 Kristie Valleys Apt. 309,Lake Tony,New York,27394,141.500014,18.307736
Adam Sanchez,71,0503 Murray Landing Suite 271,Grahamstad,Colorado,35105,5.115405,59.220217
Dr. Laura Ramos,29,339 Lisa Springs,West Alyssa,Virginia,61994,-0.187417,29.468303
Angela Thomas,22,39185 Robert Junction Suite 502,Valdezchester,North Dakota,42778,-52.318370,66.0765745
Robert Vance,58,5603 Johnson Brooks Apt. 461,Lake Cameronmouth,Kentucky,74985,-24.225373,20.141468
Annette Conner,73,3327 Watson Islands,North David,Pennsylvania,44995,6.368295,-72.172156
Danielle Griffin,36,00442 Rose Valley,Clayborough,Missouri,15570,-69.621240,-30.5698535
Douglas Vaughan,42,8836 Ronald Lodge Apt. 143,Gregorytown,South Dakota,18195,157.781169,-71.8472205
Sherry Mullins,59,88492 Christensen Springs,Luisport,Minnesota,35189,-17.842367,20.808768
Marissa Olson,75,19368 Ali Wall,Davidburgh,Florida,97454,44.244024,-83.5790005
Debra Newman,77,57070 Jennifer Keys,Adamsport,Montana,77890,31.405509,22.386836
Beth Davis,57,24654 Whitaker Points Apt. 173,Victorland,Rhode Island,18770,-172.806115,22.7846505
Donald Huang,61,5530 Lester Path Suite 567,West Jennifer,Delaware,39859,157.901799,-86.263209
Jared Morris,53,697 Alexander Gateway,West Jason,Wisconsin,51953,49.105029,72.6205785
Heidi Green,52,64446 Patrick Square Suite 704,Kyleland,Iowa,02650,-144.140059,9.5138175
Stephen Cunningham,48,9685 Villanueva Highway,Monicaland,New York,41958,37.359411,61.0873185
Jill Briggs,28,277 James Gardens Suite 390,Lloydtown,Colorado,07252,-144.063456,8.7500985
Stephen Washington,55,827 Michael Courts Suite 667,Port Kathyfurt,Nebraska,86765,30.581866,51.8547905
April Taylor,75,57632 Wheeler Lock Suite 585,Gordonmouth,Illinois,97825,-86.028013,-46.2080085
Edward Drake,72,311 Ramirez Mission Suite 166,Daniellemouth,Florida,62483,-69.568480,18.751852
Jessica Dillon,32,745 Holmes Valleys Apt. 630,Kristinaborough,Delaware,91923,-56.323346,36.998093
Karl Owen,44,59595 Johnny Street,North Amyshire,South Dakota,61040,148.762346,-23.094033
Shannon Stone,51,2506 Megan Grove Suite 827,North Seanstad,Utah,16269,173.627615,83.4375065
Kelly Johnson,39,81567 Mark Roads,Lake Jeffrey,Mississippi,14966,-94.194879,39.5500315
Gabriel Kennedy,56,32379 Frederick Courts Suite 259,Moodyville,Virginia,61023,-29.280588,62.177923
Jeffrey Collins,43,2534 Sarah Spur,East Petershire,Wyoming,63647,141.696761,-43.297509
Christopher Benson,31,11473 Cochran Valleys,New Jasminton,Nebraska,02073,20.692156,70.660583
Savannah Williams,74,0949 Anderson Path,East Patriciaborough,Iowa,20540,-31.430956,-76.439497
Omar Murphy,51,43633 William Light Apt. 633,Dunnshire,Nebraska,69188,44.612839,85.604105
Joel Levy,33,714 David Shores Apt. 842,Brittanyland,Maryland,48276,-86.762384,77.257952
Ryan Olsen,72,052 Jon Hills,West Johnbury,Florida,19564,26.230577,-1.156589
Johnny Sanchez,31,2742 Jones Pines,Lake Alicia,Ohio,25638,-139.598953,-53.921665
Megan Smith,61,624 Christian Mission,Calebview,Massachusetts,10358,162.174103,4.3808975
Anita Davis,72,0112 Mcdaniel Turnpike Apt. 510,Rosalesmouth,Virginia,57099,-128.098081,-44.365547
Victoria Jennings,23,09882 Sanders Forge Suite 597,Derekmouth,West Virginia,27756,-14.734425,72.918730
Diane Andrews,53,540 Bender Views Apt. 911,Kennethfort,Florida,22575,-78.960390,-3.8088385
Rachel Garcia,52,2713 Larsen Passage Suite 198,Thompsonville,Florida,81132,47.803350,-27.5007245
Gail Brock,77,787 Avery Hill,Katiehaven,Colorado,29738,-120.349073,72.1141895
Elizabeth Jackson,67,897 Kirk Road,West Lisa,Alaska,75035,5.653865,73.3002025
Darryl Barrera,51,19926 Mark Grove,Jasonbury,Hawaii,02525,146.004978,14.204219
Rebecca Sexton,26,893 Gonzales Hill,South Shannon,Pennsylvania,28608,-113.725217,70.6098415
Jaclyn Thompson,22,674 Mary Wells Apt. 166,South Johnburgh,Utah,42760,-83.469741,16.3365535
Gary Warner,24,368 Lee Orchard Suite 278,North Davidfurt,Iowa,64773,-150.270388,65.1003685
Erik Hartman,37,4950 Cannon Glen Apt. 372,New Josephfurt,South Carolina,86125,-162.940012,81.056343
Frederick Oneill,77,80631 Cynthia Mews,Meganshire,South Carolina,41527,11.012939,-11.828904
David Perez,34,5835 Sheila Ridges,Lake Justin,Mississippi,59824,130.083279,36.3242995
Steven Shelton,32,7810 David Lane,Brianside,West Virginia,15031,-30.387639,-47.9399875
Stacey Turner,23,9627 Turner Plaza,Whiteport,Colorado,40718,-116.523714,87.2262915
Sydney Carney,48,5967 Garza Land,Lake Kristie,Mississippi,32081,145.332749,17.9599355
Paula Clay,64,6620 Ashley Street,Emilyfurt,Alabama,43909,56.607636,-49.7987055
Emily Villanueva,66,0796 Frazier Freeway,Elizabethtown,Delaware,85043,-132.840048,-9.332956
Terry Valdez,45,2332 Kimberly Rapid,Matthewside,Colorado,22630,-23.878904,13.4477565
Tamara Boone,21,16561 Debra Station Suite 288,Kyliestad,Mississippi,75546,-165.453880,-79.602894
Sharon Barton,34,709 Navarro Vista,North Aliciaport,Alabama,62170,61.831991,88.4282255
Stephen Davis,36,916 Garcia Crossing,Port Katie,Georgia,07974,-4.756697,63.189831
Jeffrey Ware,19,767 Brian Bridge Suite 561,South Toni,Oklahoma,29473,179.957577,-51.694137
Susan Duncan,42,8233 Brooks Ridge,Harringtonview,California,32601,-4.641948,32.160535
Dennis Gonzalez,35,84704 Combs Expressway,New Leeland,Wyoming,90365,-95.111250,-1.8817315
Christian Valdez,18,02922 Cory Course,Abigailmouth,Hawaii,29812,13.125732,-47.1994555
Diane Diaz DDS,46,96253 Gutierrez Mission Apt. 254,South Karenmouth,Minnesota,98267,86.086021,-51.846142
Robin Smith,21,9186 Maria Mount Suite 961,Amyberg,New Jersey,57546,-29.773679,-33.602678
Adam Howard,71,23846 Steven Falls,New Loribury,Rhode Island,16591,93.074742,-50.676502
James Turner,24,15184 Guzman Plains,West Michael,Virginia,36476,-28.842909,-46.3759655
Dana Wells,26,52074 Ramos Spurs Suite 687,Mooneyville,Ohio,58416,141.827188,13.096080
Amanda Cooper,28,6156 Dylan Drive Suite 740,Port Saraborough,Oregon,04431,107.643868,3.568200
Jerome Roberts,58,337 Bass Spur,Buchananberg,New Jersey,03575,-172.932101,-26.742699
Michelle Bowman,26,89051 Carter Station,Port Rodneyborough,Indiana,62576,28.220066,47.8387925
Kim Coleman,32,599 Gina Motorway Suite 364,Danahaven,New Hampshire,18981,-119.290870,-61.7145065
Tamara Solomon,71,8372 Jessica Crossing Suite 172,Kelseyland,Louisiana,86696,146.916650,-47.7342435
Terry Walker,23,9922 Susan Parkways Suite 924,West Joseph,North Dakota,43804,94.702870,23.457497
Teresa Clark,52,216 Phillips Viaduct Apt. 889,Annton,North Carolina,29907,35.306719,-4.8653745
Christopher Andersen,59,818 William Terrace,East Amy,Illinois,16173,88.080604,57.5662725
Sandra Blake,21,2984 Lee Stravenue,Donnabury,Massachusetts,10629,12.501229,46.0624315
Brenda Chang,73,0535 Ariel Summit Apt. 170,Port Kyleview,Idaho,70873,-179.766106,65.5916215
Samuel Johnson,22,75322 Carolyn Inlet Suite 416,West Michael,Minnesota,66409,-80.081623,18.698384
Trevor Rivera,41,516 Miller Turnpike,West Walterstad,Oklahoma,54369,-46.124285,-67.156694
Elizabeth Moreno,71,07697 Matthew Crest,Thompsonport,North Dakota,99667,23.640482,-20.0795465
Jordan Harvey,32,868 Kimberly Points Apt. 161,North Jessica,Alabama,57459,168.306723,-8.1883675
Andrew Holt,69,820 Brian Manors,New Felicia,Mississippi,17112,-119.977876,-70.9436795
Timothy Callahan,35,647 Phillips Terrace Suite 850,Bradleymouth,Pennsylvania,10104,-106.554988,57.590240
Joseph Jordan,63,6682 Cain Bypass,Washingtonberg,Nebraska,49194,-104.319137,-47.8619035
Cassandra Hamilton,28,31862 Moore Squares,North Melissa,Utah,17125,-123.197058,74.118168
James Young,20,6510 Wilcox Dale Apt. 102,Stevenchester,Ohio,48400,29.958771,6.087570
Shelia Schneider,59,8122 James Wells Suite 145,Jameston,California,55550,-68.517653,-4.017152
Carolyn Owens,61,591 Jennifer Square Suite 432,Port William,New Jersey,16867,-147.663583,33.3919595
Kimberly Roberts,40,5608 Bruce Squares Apt. 888,East Kevinbury,Connecticut,50326,-29.667088,-49.7068385
Cheyenne Collins,34,91325 Dudley Roads Suite 447,Josephview,North Carolina,14091,7.849579,4.8555415
Stephanie Peterson,69,4293 Aaron Meadow,Jordanport,Kansas,50675,-138.455201,-75.3544605
Jordan Moore,71,187 Diane Meadows,Christophertown,Rhode Island,99455,-12.013871,33.7038625
Daniel Chavez,28,966 Kimberly Creek Apt. 486,East Markview,Maryland,24200,106.363046,-67.5766535
Danielle Perkins,33,938 Jason Circle Suite 621,Simsville,Georgia,12443,41.615110,-8.693019
David Hart,71,410 Terri Manor Apt. 738,Jonathanmouth,Mississippi,67314,7.440402,51.419547
Shelly Thomas,23,564 Tyler Station Apt. 170,Elliottbury,Pennsylvania,76685,-126.177111,44.582540
Amanda Jones,51,8233 Tucker Unions,Paulberg,Arizona,53934,151.965244,33.5299375
Daniel Stephenson,25,40417 Tricia Plains Suite 578,Port Juliefurt,Indiana,67686,-47.239928,52.4408485
Richard Harrison,79,5870 Anderson Mews Suite 091,Port John,Ohio,35059,145.474538,-3.8297745
Todd Stokes,56,6478 Carmen Cove Suite 479,West Taylor,Wyoming,05807,-25.918812,-36.6197195
Zachary Castillo,45,385 April Crossroad Suite 026,Kimfort,Alaska,99290,69.074778,23.345106
Michael Hernandez,18,738 Patricia Harbor,Campbellchester,Maryland,59975,-17.990025,-28.3854215
Sarah Castaneda,30,033 Virginia Green,East Veronica,Kansas,89125,-28.271662,-0.3373485
Daniel Clark,43,219 Darlene Dam,North Deborah,Oregon,99812,8.306213,4.6325035
Christopher Wood,42,58117 Jessica Valley,Williamburgh,Rhode Island,02423,-167.626802,-87.8588985
Michael Wright,36,405 Short Station Suite 351,West Timothy,Maine,87919,173.826489,6.783982
David Anderson,23,799 Colon Hills,Cervantesmouth,Oregon,28260,-94.610753,-6.235856
Thomas Cruz,58,83577 James Mountains Apt. 829,Joyceborough,Kansas,99479,-137.293717,-11.713901
Heidi Parrish,71,400 Fox Ford,Port Jennifer,Rhode Island,85294,40.123376,69.7395455
Leonard Frederick,31,790 Veronica Street Suite 088,South Katherineshire,Montana,24606,-112.300130,45.616530
Hannah Beard,60,388 William Mill,West Adamberg,Alabama,31444,-144.486269,49.240488
Michael Wagner,64,366 Sparks Street,Rickyport,Wyoming,20945,117.485874,-40.2992975
Patricia Garcia,70,050 Kenneth Mount Suite 348,Lake Toni,Michigan,85003,-17.695238,-30.8793555
Ryan Santana,75,52396 Jenkins Knoll,Davidbury,Vermont,09881,-18.514811,-83.436120
Michelle Garrison,27,1154 James Glens Suite 141,Lake Carmen,Utah,09154,174.055248,87.7231635
Lauren Reyes,19,967 Lopez Landing Suite 996,Moniquefurt,Rhode Island,53790,19.101077,29.3596515
Julie Wood DDS,24,4776 Aguilar Fort Suite 362,South Jacob,Idaho,40607,-29.352949,-33.1988605
Ashley Hudson,47,113 Richard Club Apt. 516,Coxshire,North Dakota,55420,94.463196,-8.3913045
Alejandro Underwood,65,46765 Kirsten Way,Longberg,Alaska,05045,-38.369393,36.749693
Katie Moore,26,52337 Stephens Route,East Daniel,Hawaii,48351,-116.486861,79.882192
Douglas Knox,32,367 William Ports Apt. 559,West Davidport,Indiana,89482,-161.869462,-53.334551
James Castro,33,104 Eric Junction Apt. 907,Port Markmouth,North Carolina,85149,24.041817,-43.978216
Jessica Pitts,54,2099 Tonya Lodge,Lake Dorisland,Montana,91024,-108.484092,20.511116
Sarah Lawrence,68,3838 Laura Prairie,Bryanburgh,California,57935,168.340218,86.9787065
Robert Rhodes,67,808 Adrienne Villages,Adkinsfurt,Georgia,48245,34.930420,41.8734615
April Scott,76,07542 Tammy Common Apt. 761,South Justinville,Indiana,47308,158.454597,-63.6068575
Matthew Kim,34,75747 White Viaduct Suite 956,Lisaborough,Idaho,72788,163.094081,-89.974884
Kimberly Schroeder,46,6837 Michael Road Apt. 171,South Benjaminburgh,Michigan,90143,100.332445,20.6241205
Michael Ewing,55,5503 Sabrina Fall Suite 292,Jonathanborough,Oklahoma,32282,-143.702869,-29.874179
Thomas Marshall,34,587 James Terrace Suite 934,New Rhonda,Louisiana,05421,-130.164568,68.9796215
Eddie Martin,49,8198 Kristy Lakes Suite 651,East Juan,Wisconsin,87393,135.534575,-84.321803
Nicole Johnson,43,359 Foster Summit Apt. 859,South Patricia,Maine,69436,-56.042339,-65.5472165
Jeffery Gonzalez,19,699 Blake Ports Apt. 426,Reidview,Ohio,09207,36.563325,-53.135324
Brandon Stone,70,9597 Glenn Stream,Davidville,North Carolina,29172,38.848158,43.9702295
Victor Carter,50,4269 Meyer Greens Suite 934,South Juan,New York,00846,134.602332,-16.3613255
Edward Russell,23,860 Julie Glens,Michellemouth,Wyoming,75474,18.853752,72.3753585
Cory Lindsey,56,9605 Jamie Drive,New Stephenburgh,Utah,33704,-22.417962,89.0605335
Melissa Stout,44,80456 Frazier Skyway Suite 504,West Derekborough,Vermont,24888,28.213472,38.326906
Natalie Zimmerman,35,78162 William Dam Suite 945,New Daniel,New York,53131,162.644865,51.732891
Samantha Black,43,3594 Lawson Forges,Scottfort,Nebraska,47310,163.797779,39.1385505
Andrea Rush,50,2072 Jones Park,Garciabury,Tennessee,80392,-53.279194,-11.638108
Noah Hansen,38,772 Rachel Loop Suite 215,Jamieborough,Iowa,65582,69.193375,47.1856385
Heather Keith,37,88172 James Plains,South Brendan,Louisiana,80950,-69.594545,-1.493921
Jonathon Harris Jr.,67,87477 Monica Wells,Leonardmouth,South Carolina,10122,-141.456971,27.184625
Mary Hudson,40,59740 Clay Dam Apt. 822,Port Tina,Vermont,40961,-156.692509,88.767028
Lee Smith MD,22,8227 Ross Highway Apt. 293,Lake Thomas,Kentucky,97828,-67.088773,8.039292
Mark Gregory,71,821 Elijah Via,Mullentown,South Dakota,52048,39.963325,73.8093455
Reginald Nelson,75,1007 Yates Ramp,Heatherside,Washington,15045,154.696704,74.3326215
Suzanne Dodson,50,691 Sawyer Track Suite 967,Mitchellhaven,West Virginia,31515,-103.563535,-6.0777835
Molly Parker,66,1141 Ward Road,Port Desireemouth,Michigan,08075,-122.586510,-6.3731175
Gregory Carr,35,9019 Dorsey Drive,Lisafort,Connecticut,42650,17.374884,-24.780794
Maurice Spencer,58,9129 Charles Crossroad,Luiston,Alaska,07563,80.517038,-19.0134255
Kristina Parker,64,09857 Cheryl Extension,East Scott,Texas,55199,170.704636,14.559848
Amy Rodriguez,19,413 Garcia Fall Apt. 914,Port Bryanport,South Dakota,88582,128.470565,-36.225013
Heather Knight MD,42,79374 Jeff Union,West Ashleyberg,Vermont,71282,-67.207406,55.3951445
Dawn Rodriguez,30,921 Nicole Camp,South Marissa,Maryland,01888,121.169445,-65.188036
Sherry Anderson,46,96026 Diaz Knolls,Valerieville,North Dakota,41558,-7.745488,47.1540415
Emily Rivers,54,376 Higgins Ville,South Monica,Oklahoma,82518,57.425932,-43.368389
Mrs. Hannah Maldonado,77,0496 Melanie Springs Suite 550,Eatonville,New Jersey,97384,-82.919929,-41.829468
Jennifer Moore,32,3628 Stokes Walk,Katietown,Missouri,66887,72.201676,27.458290
Nicholas Bruce,40,00348 Reilly Islands Suite 003,East Latoya,North Carolina,73281,28.585145,33.7376005
Trevor Edwards,58,72545 Murray Parkways,Vincentmouth,West Virginia,79242,-16.096369,35.627511
Mitchell Matthews,19,9551 Robert Mission,Dianaview,Texas,22981,102.215314,-80.424016
Christopher Coleman,27,937 Tanner Parks,Camachoburgh,Alabama,20445,-165.438333,-6.096757
John Dominguez,21,05887 Anderson Grove,West James,Maine,04448,-129.036996,1.433673
Cheryl Hart,70,8045 Cassidy Island,Seanland,Rhode Island,35520,132.854234,18.7484005
Kathleen Higgins,74,5979 Anna Villages,Anthonyfort,Michigan,24160,19.704357,72.1087265
Andrew Jackson,21,4914 Thomas Harbor Apt. 910,South Brian,New York,98656,10.297545,-77.381913
Crystal Chambers,21,552 Jennifer Corner,Bellburgh,Wisconsin,66085,-165.513338,71.9096995
John Berger,57,2222 Cheyenne Square Suite 502,Lake Catherine,Illinois,98591,-138.370087,0.388466
Chris Sullivan,23,5704 Morris Terrace,North John,Oklahoma,24642,80.758403,-56.150570
Robert Washington,45,98647 Ward Inlet Suite 488,Sandovalville,Kentucky,92919,-77.101097,-38.536947
Randall White,46,71478 Natalie Parkways,New Craig,Nebraska,02608,24.872990,88.8092215
Joseph Smith,46,9540 David Meadows,West Maxstad,Wisconsin,33845,175.214176,-25.0434445
Natalie Huber,43,988 Benjamin Neck Apt. 974,Murphyside,Massachusetts,16326,-3.047094,-25.7004745
Barbara Davis,66,8112 Terri Curve,South Michael,Maryland,00580,24.516633,-28.4535285
Billy Bowen,30,46162 Angela Cape Apt. 201,Martinezfurt,North Carolina,89602,30.592104,32.312802
Caleb Williams,60,4316 Amanda Mount,Leonardfort,Pennsylvania,96646,135.409860,-79.9600415
Leslie Zimmerman,50,9315 Brooke Green,Stephanieville,Arizona,61895,22.644003,-13.9442305
Hannah Carr,32,47084 Darrell Forks Apt. 301,Justinborough,New Mexico,66516,-50.972236,-11.9359865
Jason Freeman,36,140 Ricky Turnpike Suite 183,Port Samanthatown,Alaska,42808,175.592534,-47.0912345
